291845368187,-0.00503,-0.06786,0.00238,0.71142,0.05287,-0.68025,0.16837,-0.31757,-0.06962,-0.30382,
291945317163,-0.03261,-0.06355,-0.01862,0.71751,0.09011,-0.66035,0.20248,-0.37795,-0.05481,-0.30007,
292045416187,-0.06841,-0.07207,-0.04064,0.71998,0.13381,-0.63874,0.23608,-0.47465,-0.12428,-0.25773,
292145365187,-0.11825,-0.08391,-0.05553,0.72456,0.17762,-0.61665,0.25142,-0.59049,-0.15098,-0.11290,
292245314225,-0.17808,-0.09742,-0.04912,0.71441,0.21671,-0.61199,0.26101,-0.64671,-0.10446,0.08341,
292345413730,-0.23606,-0.11267,-0.02581,0.70008,0.26405,-0.59981,0.28355,-0.63584,-0.05692,0.27408,
292445362187,-0.29724,-0.10503,0.01173,0.68570,0.29940,-0.60072,0.28162,-0.54956,0.00465,0.46979,
292545311187,-0.34873,-0.08246,0.06804,0.66215,0.31897,-0.62435,0.26459,-0.43332,0.01345,0.62543,
292645410192,-0.38531,-0.04563,0.12811,0.63875,0.32443,-0.65576,0.23816,-0.30645,0.01524,0.62341,
292745359225,-0.41144,-0.03717,0.18707,0.61294,0.33301,-0.68223,0.21902,-0.20957,-0.07863,0.57460,
292845308220,-0.42398,-0.05352,0.24304,0.59046,0.32982,-0.70756,0.20478,-0.07129,-0.11496,0.44011,
292945257163,-0.42793,-0.07105,0.28159,0.57853,0.31404,-0.72806,0.19137,0.02903,-0.16372,0.29759,
293045356220,-0.42371,-0.10954,0.30701,0.57718,0.29324,-0.74293,0.17011,0.08408,-0.23705,0.14023,
293145305220,-0.41337,-0.15026,0.31597,0.58458,0.26973,-0.74982,0.15255,0.10494,-0.20776,-0.00681,
293245254282,-0.40181,-0.19089,0.30825,0.60128,0.24363,-0.74796,0.14022,0.03169,-0.24717,-0.14333,
293345353163,-0.40258,-0.22370,0.28635,0.61852,0.21419,-0.74592,0.12312,-0.05170,-0.18585,-0.24282,
293445302220,-0.41130,-0.25018,0.25478,0.64035,0.17596,-0.73784,0.12073,-0.08683,-0.16872,-0.35201,
293545251192,-0.42178,-0.27678,0.21434,0.66015,0.15511,-0.72479,0.12171,-0.09493,-0.14386,-0.41555,
293645200187,-0.43518,-0.30305,0.16998,0.68252,0.12183,-0.70748,0.13710,-0.13706,-0.12269,-0.41637,
293745299258,-0.45248,-0.32568,0.12617,0.70119,0.10318,-0.68810,0.15557,-0.17854,-0.09216,-0.38175,
293845248192,-0.47593,-0.34739,0.08111,0.71202,0.10038,-0.67081,0.18155,-0.24089,-0.03096,-0.34577,
293945197192,-0.50480,-0.35875,0.04235,0.72206,0.11130,-0.65087,0.20644,-0.28444,0.04828,-0.30095,
294045296192,-0.53993,-0.36344,0.01058,0.72749,0.13897,-0.63064,0.23179,-0.31182,0.09288,-0.20781,
294145245192,-0.57442,-0.35537,-0.00303,0.72577,0.17780,-0.61230,0.25833,-0.34134,0.18632,0.02682,
294245194239,-0.60835,-0.33655,0.00693,0.71078,0.21971,-0.60542,0.28280,-0.28308,0.21045,0.22663,
294345143163,-0.63377,-0.31411,0.04170,0.69102,0.27438,-0.60383,0.28739,-0.22289,0.15076,0.47559,
294445242220,-0.65076,-0.30249,0.09508,0.66216,0.32248,-0.61943,0.27178,-0.11366,0.02450,0.58351,
294545191163,-0.65854,-0.29897,0.15701,0.63050,0.36239,-0.63889,0.25093,-0.05853,-0.10633,0.66579,
294645140220,-0.66162,-0.31261,0.22265,0.59206,0.38385,-0.66558,0.24315,0.00571,-0.25162,0.63772,
294745239177,-0.65086,-0.33658,0.27941,0.56506,0.39192,-0.68859,0.23011,0.19032,-0.31594,0.49345,
294845188220,-0.62990,-0.37443,0.32512,0.54942,0.39105,-0.70899,0.20628,0.20801,-0.52135,0.39184,
294945137192,-0.60536,-0.42616,0.35131,0.54210,0.36562,-0.73680,0.17195,0.27957,-0.52077,0.12193,
295045086158,-0.57777,-0.47804,0.35089,0.55035,0.33284,-0.75137,0.14758,0.26521,-0.52220,-0.09520,
295145185220,-0.55249,-0.52686,0.33011,0.56787,0.29405,-0.75862,0.12474,0.26311,-0.45318,-0.29436,
295245134192,-0.53163,-0.56904,0.29289,0.59208,0.26487,-0.75474,0.09827,0.20392,-0.38229,-0.42840,
295345083192,-0.52381,-0.60412,0.24921,0.61831,0.23179,-0.74602,0.08613,0.04318,-0.28291,-0.45386,
295445182192,-0.53121,-0.63081,0.20869,0.63663,0.19604,-0.73934,0.09820,-0.15425,-0.13192,-0.39695,
295545131163,-0.55818,-0.64843,0.17003,0.65268,0.17367,-0.72767,0.11977,-0.31005,-0.01730,-0.38654,
295645080191,-0.60165,-0.66059,0.13157,0.67141,0.17356,-0.70714,0.13801,-0.45098,0.03705,-0.35149,
295745029191,-0.65758,-0.66648,0.09732,0.68633,0.18316,-0.68491,0.16220,-0.55466,0.17040,-0.24310,
295845128163,-0.72357,-0.66028,0.07368,0.68797,0.20588,-0.66650,0.20023,-0.67373,0.28036,-0.10703,
295945077187,-0.79906,-0.63828,0.06325,0.67403,0.23317,-0.65582,0.24741,-0.77481,0.34176,-0.04136,
296045020693,-0.88131,-0.61342,0.05683,0.66066,0.27166,-0.63430,0.29563,-0.83827,0.32157,0.04105,
296145104771,-0.96291,-0.58759,0.06258,0.64416,0.31956,-0.61685,0.32004,-0.81649,0.25781,0.17747,
296245038850,-1.04044,-0.56047,0.08438,0.62013,0.37621,-0.60359,0.33104,-0.79547,0.23821,0.35841,
296344973020,-1.10720,-0.53286,0.11915,0.59204,0.42365,-0.59651,0.33792,-0.64410,0.25788,0.44992,
296444907128,-1.16036,-0.50089,0.16524,0.56231,0.46362,-0.58461,0.35651,-0.51607,0.23581,0.52759,
296544991213,-1.20288,-0.47768,0.21662,0.52673,0.49947,-0.58076,0.36851,-0.43275,0.10523,0.51247,
296644925292,-1.24591,-0.46719,0.26219,-0.48745,-0.51366,0.59044,-0.38720,-0.43299,0.04268,0.39680,
296744859428,-1.28581,-0.46029,0.28874,-0.45354,-0.54333,0.58542,-0.39546,-0.38204,0.04977,0.14348,
296844943513,-1.32361,-0.43892,0.29023,-0.43478,-0.56732,0.57290,-0.40112,-0.39186,0.09600,-0.10770,
296944877621,-1.35445,-0.38364,0.27053,-0.43143,-0.55953,0.57396,-0.41396,-0.36288,0.12551,-0.27440,
297044817219,-1.37222,-0.32680,0.23467,-0.44155,-0.55662,0.56596,-0.41820,-0.31427,0.16014,-0.43522,
297144766163,-1.38066,-0.27952,0.18742,0.46335,0.55282,-0.54589,0.42628,-0.24336,0.08819,-0.50365,
297244865329,-1.39084,-0.26193,0.13665,0.48370,0.56313,-0.51654,0.42675,-0.16509,-0.02447,-0.52514,
297344814229,-1.40202,-0.26024,0.08753,0.50130,0.56026,-0.49750,0.43279,-0.16829,-0.07911,-0.49058,
297444763225,-1.41727,-0.26162,0.04377,0.51085,0.54487,-0.48505,0.45484,-0.24863,-0.10328,-0.41947,
297544862220,-1.43042,-0.25455,0.00424,0.51534,0.53226,-0.47207,0.47778,-0.25701,-0.09394,-0.39574,
297644811225,-1.44463,-0.25148,-0.02941,0.51505,0.52683,-0.46273,0.49301,-0.22835,-0.12528,-0.33575,
297744760191,-1.45645,-0.25768,-0.05783,0.51808,0.52070,-0.46028,0.49861,-0.16773,-0.16623,-0.27407,
297844709220,-1.46345,-0.26360,-0.08343,0.52609,0.52166,-0.45953,0.48983,-0.13150,-0.15632,-0.25636,
297944808163,-1.47743,-0.27481,-0.10844,0.52959,0.51087,-0.46192,0.49515,-0.13398,-0.11933,-0.24049,
298044757186,-1.48582,-0.28056,-0.13316,0.53740,0.50705,-0.45400,0.49798,-0.10328,-0.08590,-0.21337,
298144706191,-1.48961,-0.28122,-0.15100,0.53899,0.49909,-0.44924,0.50851,-0.08398,-0.06216,-0.13115,
298244805220,-1.49464,-0.28468,-0.16146,0.53218,0.49954,-0.45343,0.51152,-0.03851,-0.04557,-0.07878,
298344754191,-1.49414,-0.27729,-0.16910,0.52745,0.49840,-0.45271,0.51811,-0.00915,-0.03274,0.01429,
298444703220,-1.49258,-0.27397,-0.16546,0.51505,0.50617,-0.46262,0.51430,0.03266,-0.06082,0.01458,
298544652191,-1.48778,-0.27294,-0.16649,0.51721,0.50895,-0.46171,0.51018,0.01875,-0.04964,0.01589,
298644753653,-1.48525,-0.26956,-0.16645,0.51288,0.50885,-0.46126,0.51504,-0.00747,-0.01712,0.00948,
298744700191,-1.48598,-0.26696,-0.16721,0.50884,0.50758,-0.45778,0.52334,0.00391,-0.02874,0.01693,
298844649191,-1.48509,-0.25838,-0.16818,0.50760,0.50760,-0.45593,0.52614,0.00605,-0.01117,0.01070,
298944748191,-1.48475,-0.25735,-0.16679,0.50599,0.50673,-0.45461,0.52965,0.00869,-0.01243,0.01591,
299044697186,-1.48299,-0.25683,-0.16612,0.50688,0.50797,-0.45350,0.52856,0.01391,-0.01158,0.00827,
299144646205,-1.48143,-0.25538,-0.16536,0.50623,0.50825,-0.45226,0.52997,0.00247,0.00197,0.01322,
299244595220,-1.47978,-0.25412,-0.16484,0.50549,0.50838,-0.45140,0.53129,0.01653,-0.00540,0.01339,
299344694191,-1.47756,-0.25351,-0.16404,0.50631,0.50863,-0.45115,0.53048,0.01252,0.00570,0.00998,
299444643186,-1.47629,-0.25286,-0.16348,0.50695,0.50725,-0.45114,0.53119,0.01055,0.00638,0.01312,
299544592191,-1.47556,-0.25167,-0.16285,0.50607,0.50780,-0.45103,0.53160,0.01002,0.00776,0.01508,
299644691219,-1.47388,-0.25208,-0.16184,0.50446,0.50720,-0.45096,0.53377,0.00973,0.01312,0.01156,
299744640191,-1.47107,-0.25184,-0.16152,0.50464,0.50744,-0.45091,0.53341,0.02025,0.01314,0.00765,
299844589219,-1.47061,-0.25082,-0.16022,0.50628,0.50649,-0.45102,0.53267,0.01453,0.01572,0.01255,
299944538191,-1.47004,-0.24865,-0.15925,0.50628,0.50618,-0.45076,0.53317,0.01045,0.02182,0.01217,
300044637219,-1.46879,-0.24829,-0.15872,0.50621,0.50629,-0.45104,0.53290,0.01407,0.02279,0.01190,
300144586162,-1.46867,-0.24846,-0.15790,0.50591,0.50548,-0.45118,0.53384,0.01219,0.02681,0.01299,
300244535219,-1.46732,-0.24810,-0.15681,0.50633,0.50552,-0.45113,0.53345,0.01841,0.02791,0.01091,
300344634191,-1.46673,-0.24641,-0.15562,0.50674,0.50533,-0.45113,0.53323,0.01360,0.03537,0.01253,
300444583219,-1.46764,-0.24563,-0.15548,0.50747,0.50516,-0.45074,0.53303,0.01373,0.03809,0.01087,
300544532157,-1.46645,-0.24618,-0.15542,0.50784,0.50535,-0.45031,0.53286,0.01208,0.04132,0.01190,
300644481186,-1.46515,-0.24735,-0.15442,0.50785,0.50581,-0.45028,0.53244,0.01319,0.04128,0.01548,
300744580219,-1.46433,-0.24729,-0.15275,0.50744,0.50586,-0.44991,0.53309,0.01156,0.04800,0.01337,
300844529219,-1.46374,-0.24719,-0.15196,0.50697,0.50568,-0.45014,0.53352,0.01728,0.04755,0.01163,
300944478219,-1.46290,-0.24672,-0.15176,0.50752,0.50568,-0.45033,0.53284,0.01454,0.05241,0.01288,
301044577191,-1.46379,-0.24594,-0.15223,0.50769,0.50534,-0.45017,0.53313,0.01053,0.05330,0.01544,
301144526219,-1.46413,-0.24632,-0.15217,0.50796,0.50526,-0.44979,0.53327,0.01092,0.05976,0.01036,
301244475186,-1.46359,-0.24705,-0.15014,0.50807,0.50524,-0.44952,0.53341,0.01123,0.06599,0.01011,
301344424219,-1.46295,-0.24810,-0.14958,0.50906,0.50564,-0.44886,0.53264,0.01599,0.06484,0.01218,
301444523191,-1.46281,-0.24743,-0.14975,0.50929,0.50583,-0.44832,0.53270,0.00931,0.06969,0.01408,
301544472157,-1.46147,-0.24688,-0.14886,0.50939,0.50581,-0.44768,0.53315,0.01178,0.07065,0.01538,
301644421191,-1.46297,-0.24586,-0.14751,0.50920,0.50588,-0.44773,0.53323,0.01139,0.08025,0.01182,
301744520219,-1.46447,-0.24478,-0.14664,0.50894,0.50604,-0.44784,0.53323,0.01180,0.08022,0.01347,
301844469219,-1.46209,-0.24508,-0.14594,0.50898,0.50587,-0.44764,0.53353,0.01087,0.08597,0.01404,
301944418191,-1.46244,-0.24726,-0.14605,0.50895,0.50620,-0.44771,0.53318,0.01040,0.08668,0.01414,
302044367157,-1.46356,-0.24625,-0.14539,0.50888,0.50586,-0.44752,0.53373,0.01260,0.08966,0.01449,
302144466219,-1.46486,-0.24813,-0.14567,0.50928,0.50607,-0.44746,0.53320,0.01009,0.09147,0.01306,
302244415157,-1.46328,-0.24487,-0.14575,0.50933,0.50622,-0.44684,0.53354,0.01217,0.09663,0.01136,
302344364190,-1.46102,-0.24387,-0.14566,0.50937,0.50681,-0.44643,0.53328,0.01157,0.09779,0.01287,
302444463190,-1.46279,-0.24403,-0.14589,0.50944,0.50674,-0.44633,0.53336,0.01117,0.10319,0.01304,
302544412190,-1.46446,-0.24394,-0.14614,0.50957,0.50725,-0.44608,0.53296,0.01321,0.10030,0.01244,
302644361157,-1.46747,-0.24339,-0.14573,0.51031,0.50700,-0.44623,0.53236,0.00968,0.10777,0.01278,
302744460186,-1.46668,-0.24251,-0.14513,0.51035,0.50695,-0.44593,0.53262,0.00972,0.11036,0.01119,
302844409190,-1.46350,-0.24315,-0.14429,0.51064,0.50705,-0.44524,0.53283,0.01320,0.11319,0.01086,
302944358190,-1.46488,-0.24254,-0.14419,0.51183,0.50698,-0.44478,0.53215,0.01128,0.11990,0.01086,
303044307190,-1.46032,-0.24123,-0.14397,0.51269,0.50581,-0.44329,0.53367,0.01280,0.12769,0.00766,
303144406186,-1.45644,-0.23992,-0.14242,0.51628,0.50437,-0.43902,0.53509,0.02044,0.13016,0.02202,
303244355219,-1.46044,-0.24050,-0.14087,0.52082,0.50557,-0.43566,0.53230,0.01450,0.16016,0.02810,
303344304219,-1.48128,-0.23285,-0.14114,0.52354,0.50280,-0.43060,0.53636,-0.00778,0.18488,0.09801,
303444403190,-1.48095,-0.22090,-0.13233,0.51736,0.50995,-0.42779,0.53785,0.03986,0.19626,0.14121,
303544352186,-1.47536,-0.21033,-0.11940,0.52051,0.52259,-0.42264,0.52663,0.08865,0.21501,0.18823,
303644301190,-1.46696,-0.19623,-0.10068,0.52041,0.53057,-0.41860,0.52196,0.10297,0.27591,0.26773,
303744250190,-1.45326,-0.17308,-0.07124,0.51684,0.54150,-0.41674,0.51573,0.16100,0.32212,0.37455,
303844349219,-1.44340,-0.15271,-0.03607,0.50888,0.56123,-0.42321,0.49694,0.23428,0.32373,0.45194,
303944298219,-1.41798,-0.12723,0.01056,0.50173,0.58506,-0.43062,0.46962,0.33049,0.27619,0.51087,
304044247219,-1.39007,-0.10671,0.06161,0.49080,0.60516,-0.44128,0.44517,0.36238,0.23891,0.51267,
304144346219,-1.35614,-0.08924,0.11142,0.47896,0.61507,-0.45320,0.43231,0.43080,0.19051,0.49654,
304244295190,-1.31456,-0.07231,0.15797,0.47300,0.61642,-0.47117,0.41749,0.48110,0.20186,0.46232,
304344244157,-1.26577,-0.05563,0.20347,0.46873,0.60892,-0.50082,0.39837,0.51239,0.19933,0.44590,
304444193204,-1.21571,-0.03448,0.23851,0.47434,0.58422,-0.53146,0.38888,0.51714,0.31868,0.23461,
304544292219,-1.16671,-0.00815,0.25249,0.48347,0.55765,-0.55397,0.38523,0.44239,0.34360,0.02672,
304644241157,-1.12391,0.02902,0.24125,-0.48795,-0.54205,0.56787,-0.38160,0.37809,0.45687,-0.27654,
304744190181,-1.08704,0.07267,0.19977,-0.49991,-0.51400,0.57446,-0.39483,0.33286,0.49278,-0.51891,
304844289219,-1.05020,0.11869,0.13917,0.52288,0.48309,-0.56952,0.41093,0.30953,0.49545,-0.59584,
304944238157,-1.01427,0.16510,0.08477,0.54400,0.45086,-0.56570,0.42518,0.29898,0.55346,-0.42566,
305044187219,-0.98261,0.22282,0.05750,0.56839,0.42196,-0.55185,0.44085,0.27991,0.64963,-0.04792,
305144136219,-0.95667,0.28708,0.07492,0.57935,0.41546,-0.55944,0.42282,0.19318,0.71637,0.40179,
305244235219,-0.94886,0.35849,0.12864,0.56030,0.43969,-0.58157,0.39308,-0.01552,0.73323,0.66487,
305344184190,-0.95842,0.42821,0.20010,0.52609,0.46176,-0.59816,0.39015,-0.16459,0.65750,0.76268,
305444133709,-0.98028,0.48824,0.27189,-0.49224,-0.49851,0.60693,-0.37526,-0.27229,0.53605,0.68241,
305544232219,-1.01446,0.53819,0.33109,-0.45483,-0.54017,0.60847,-0.36209,-0.35647,0.47624,0.50324,
305644181219,-1.05509,0.59323,0.37129,-0.43703,-0.57441,0.58524,-0.36954,-0.40953,0.50266,0.34679,
305744130219,-1.10134,0.64010,0.40269,0.40542,0.61206,-0.56380,0.37835,-0.42178,0.37665,0.26102,
305844079219,-1.14669,0.67701,0.42074,0.37240,0.64842,-0.54718,0.37612,-0.41313,0.35487,0.07215,
305944178223,-1.19505,0.72203,0.41776,0.35794,0.67053,-0.50802,0.40521,-0.42921,0.43663,-0.11105,
306044127190,-1.23869,0.76430,0.40030,0.33854,0.69103,-0.47497,0.42693,-0.41308,0.33773,-0.27045,
306144076218,-1.28256,0.80352,0.36383,0.32685,0.69295,-0.44050,0.46793,-0.47253,0.33393,-0.44040,
306244175185,-1.33143,0.83679,0.31285,0.32054,0.68570,-0.40202,0.51522,-0.47184,0.30581,-0.59050,
306344124190,-1.38151,0.86702,0.25063,0.31862,0.67148,-0.36210,0.56256,-0.47692,0.23907,-0.66442,
306444073185,-1.43136,0.88829,0.18335,0.31325,0.66049,-0.32372,0.60069,-0.51613,0.17988,-0.67288,
306544022190,-1.48363,0.90362,0.11671,0.30170,0.63803,-0.29163,0.64564,-0.57004,0.13555,-0.61226,
306644121185,-1.53602,0.91816,0.05998,0.29232,0.61981,-0.26238,0.67937,-0.58378,0.15559,-0.44119,
306744070218,-1.59238,0.93445,0.02655,0.28939,0.60896,-0.23722,0.69939,-0.65929,0.20597,-0.11782,
306844019218,-1.66093,0.95428,0.02981,0.28432,0.61420,-0.22196,0.70189,-0.73644,0.22987,0.31813,
306944118218,-1.73641,0.97118,0.07643,0.26811,0.64533,-0.22471,0.67910,-0.74395,0.19686,0.63364,
307044067218,-1.81251,0.98537,0.14378,0.25160,0.68848,-0.21637,0.64488,-0.70292,0.10698,0.74738,
307144016190,-1.88074,0.99176,0.22317,0.21896,0.72775,-0.21321,0.61398,-0.58853,0.00294,0.82649,
307243965218,-1.94475,0.98971,0.29844,0.18820,0.76150,-0.20643,0.58488,-0.57725,-0.05143,0.65325,
307344064218,-2.00974,0.98046,0.35466,0.15354,0.79051,-0.18259,0.56407,-0.52857,-0.14917,0.49870,
307444013185,-2.07122,0.96829,0.39145,0.12211,0.80903,-0.17197,0.54862,-0.55963,-0.14612,0.21157,
307543962218,-2.13199,0.99077,0.39561,0.11106,0.81515,-0.15740,0.54628,-0.60320,-0.11152,-0.13852,
307644061218,-2.20075,0.98719,0.36563,0.09555,0.80811,-0.11469,0.56980,-0.70407,-0.11687,-0.42481,
307744010218,-2.26687,0.97567,0.31495,0.06959,0.78721,-0.07463,0.60818,-0.57167,-0.18194,-0.55904,
307843959218,-2.31975,0.95549,0.25453,0.04132,0.76038,-0.03242,0.64735,-0.46900,-0.28424,-0.63625,
307943908190,-2.36218,0.92574,0.18852,0.00297,0.71661,0.00216,0.69746,-0.36056,-0.33307,-0.65678,
308044007218,-2.39315,0.89532,0.12532,-0.02895,0.68120,0.02902,0.73095,-0.28535,-0.38984,-0.60654,
308143956218,-2.41889,0.85749,0.06900,-0.07132,0.64217,0.05204,0.76146,-0.24486,-0.46834,-0.46391,
308243905185,-2.44696,0.81125,0.03517,-0.10771,0.61574,0.07813,0.77664,-0.33513,-0.56757,-0.18215,
308344004190,-2.48831,0.75698,0.03922,-0.13586,0.60846,0.10204,0.77518,-0.49909,-0.67935,0.26452,
308443953218,-2.53790,0.69089,0.08468,-0.15403,0.63057,0.13902,0.74788,-0.52563,-0.73133,0.60852,
308543902185,-2.58894,0.62621,0.15659,-0.16885,0.65506,0.17282,0.71590,-0.46366,-0.61228,0.79644,
308643851185,-2.63128,0.57398,0.23942,-0.16276,0.68360,0.20700,0.68070,-0.34303,-0.51306,0.83102,
308743950185,-2.66320,0.52826,0.32139,-0.18170,0.70017,0.22080,0.65421,-0.23102,-0.41204,0.79327,
308843899218,-2.69041,0.49292,0.38943,-0.20773,0.71511,0.20846,0.63404,-0.19865,-0.25811,0.50878,
308943848218,-2.70953,0.45478,0.41658,-0.22076,0.72086,0.22855,0.61595,-0.24548,-0.21301,0.04158,
309043947189,-2.75694,0.42898,0.39163,-0.22905,0.71475,0.24851,0.61230,-0.36539,-0.24247,-0.45225,
309143896189,-2.81013,0.40172,0.33103,-0.25030,0.68551,0.26632,0.62968,-0.35298,-0.19735,-0.60393,
309243845218,-2.85491,0.38139,0.26335,-0.28145,0.66253,0.26983,0.63956,-0.30620,-0.16967,-0.65996,
309343794218,-2.88910,0.36251,0.19037,-0.32879,0.62814,0.27378,0.64991,-0.23673,-0.17907,-0.73808,
309443893189,-2.91461,0.34983,0.11908,-0.36529,0.58357,0.27994,0.66906,-0.13374,-0.11435,-0.65506,
309543842218,-2.92238,0.33925,0.05617,-0.40230,0.54484,0.28590,0.67791,-0.04147,-0.18250,-0.57371,
309643791218,-2.92764,0.32415,0.00350,-0.43936,0.50890,0.28935,0.68137,-0.03214,-0.23930,-0.44278,
309743890185,-2.93436,0.30025,-0.03561,-0.44979,0.47664,0.30312,0.69183,-0.07741,-0.39890,-0.22071,
309843839185,-2.94415,0.25376,-0.03904,-0.45208,0.47067,0.31724,0.68808,-0.12842,-0.61851,0.20218,
309943788189,-2.95873,0.18367,-0.00399,-0.44772,0.49290,0.33887,0.66465,-0.14811,-0.74035,0.52363,
310043737218,-2.97354,0.10275,0.05837,-0.43533,0.51842,0.36468,0.63933,-0.14080,-0.81978,0.74404,
310143836742,-2.98766,0.02120,0.14348,-0.41111,0.54844,0.39560,0.61131,-0.14198,-0.74990,0.94456,
310243785189,-2.99753,-0.04805,0.24044,-0.37330,0.58380,0.43017,0.57860,-0.07113,-0.60296,0.97289,
310343734218,-2.99932,-0.10153,0.33237,-0.34560,0.61271,0.46114,0.54082,-0.01940,-0.44375,0.80032,
310443833218,-3.00191,-0.14123,0.39592,-0.32995,0.63156,0.47673,0.51478,-0.03231,-0.35637,0.43930,
310543782218,-3.00348,-0.17806,0.41746,-0.32193,0.64091,0.49292,0.49257,0.00618,-0.36600,0.00763,
310643731218,-3.00176,-0.22321,0.39614,-0.35491,0.63703,0.49198,0.47559,0.02887,-0.48456,-0.42803,
310743680156,-3.00638,-0.27431,0.33707,-0.39598,0.60718,0.48825,0.48595,-0.05708,-0.49267,-0.70154,
310843779218,-3.01263,-0.32084,0.26378,-0.41856,0.56004,0.50315,0.50794,-0.01143,-0.40798,-0.68943,
310943728218,-3.01290,-0.35990,0.19881,-0.46316,0.52214,0.49820,0.51444,0.01683,-0.34263,-0.59493,
311043667935,-3.01144,-0.39061,0.14346,-0.49786,0.48415,0.50245,0.51505,0.06943,-0.25240,-0.49914,
311143740873,-3.00201,-0.41664,0.09559,0.54630,-0.45235,-0.50016,-0.49677,0.13963,-0.22681,-0.47880,
311243663919,-2.99181,-0.43705,0.05056,0.58735,-0.40784,-0.49575,-0.49286,0.17515,-0.23500,-0.34549,
311343586942,-2.97042,-0.46208,0.03045,0.61084,-0.37682,-0.50077,-0.48385,0.32567,-0.32455,-0.06373,
311443659907,-2.93078,-0.49466,0.03263,0.62338,-0.34982,-0.52495,-0.46202,0.51443,-0.39741,0.14928,
311543582891,-2.87431,-0.52856,0.05910,0.63374,-0.33652,-0.55240,-0.42425,0.62652,-0.36859,0.36129,
311643505871,-2.80750,-0.56128,0.10008,0.63144,-0.32671,-0.58812,-0.38556,0.69382,-0.36753,0.45205,
311743428946,-2.73810,-0.59600,0.14595,0.62676,-0.30779,-0.62153,-0.35516,0.68324,-0.36561,0.49829,
311843501868,-2.67589,-0.63154,0.19344,0.62125,-0.30006,-0.65076,-0.31707,0.54127,-0.36971,0.44050,
311943424872,-2.63115,-0.67098,0.22739,0.61287,-0.29501,-0.66770,-0.30256,0.30161,-0.43541,0.29018,
312043357654,-2.60679,-0.72017,0.24882,0.59884,-0.29465,-0.67823,-0.30752,0.11909,-0.47727,0.20243,
312143456213,-2.59696,-0.78002,0.26179,0.60275,-0.31447,-0.66882,-0.30079,-0.00473,-0.63183,0.09038,
312243405218,-2.60737,-0.84857,0.27036,0.59626,-0.31885,-0.66420,-0.31883,-0.18977,-0.74122,0.10745,
312343354208,-2.62771,-0.92575,0.28593,0.57608,-0.34339,-0.66216,-0.33431,-0.30472,-0.74164,0.22931,
312443303218,-2.65958,-0.99981,0.31029,0.55707,-0.38157,-0.65706,-0.33518,-0.38318,-0.79819,0.21330,
312543402218,-2.70118,-1.07789,0.33343,0.54057,-0.41606,-0.64319,-0.34784,-0.42188,-0.79981,0.23672,
312643351156,-2.74455,-1.15632,0.36155,0.51646,-0.44699,-0.63557,-0.35990,-0.40447,-0.79172,0.27286,
312743300217,-2.78326,-1.23160,0.39041,-0.49014,0.47326,0.62942,0.37366,-0.34917,-0.72106,0.23335,
312843399865,-2.81156,-1.29873,0.40880,-0.46461,0.49552,0.62481,0.38499,-0.19775,-0.64406,0.04107,
312943348217,-2.82391,-1.35722,0.40746,-0.46218,0.50864,0.61248,0.39056,0.01663,-0.57439,-0.17745,
313043297184,-2.81963,-1.40880,0.38082,-0.48019,0.50209,0.59759,0.40027,0.21109,-0.50875,-0.37454,
313143246184,-2.79310,-1.45637,0.33399,0.50697,-0.48211,-0.59126,-0.40120,0.41874,-0.49501,-0.51940,
313243345217,-2.75226,-1.50346,0.28239,0.54944,-0.45272,-0.57841,-0.39824,0.54042,-0.43300,-0.50871,
313343294217,-2.69338,-1.54411,0.24670,0.57818,-0.41863,-0.58117,-0.39077,0.72241,-0.33916,-0.25077,
313443243217,-2.61738,-1.58098,0.23893,0.59690,-0.38582,-0.59844,-0.36975,0.89573,-0.27673,0.04916,
313543342217,-2.52738,-1.60881,0.25753,0.60237,-0.35264,-0.63011,-0.34024,0.97914,-0.20067,0.29403,
313643291217,-2.43168,-1.62452,0.29541,0.59872,-0.31434,-0.67055,-0.30512,0.96515,-0.07111,0.48975,
313743240189,-2.34583,-1.62401,0.34556,0.58478,-0.28840,-0.71236,-0.25963,0.78542,0.08536,0.50980,
313843189217,-2.27838,-1.61280,0.38597,0.57112,-0.26878,-0.74462,-0.21708,0.61154,0.16406,0.29609,
313943288160,-2.22639,-1.59707,0.40073,0.57780,-0.25047,-0.75593,-0.17883,0.45837,0.16500,0.01501,
314043237217,-2.18730,-1.58668,0.38428,0.59300,-0.23143,-0.75434,-0.16053,0.33112,0.08694,-0.32514,
314143186217,-2.15732,-1.58409,0.33864,0.61004,-0.19023,-0.75199,-0.16183,0.28421,0.05105,-0.53150,
314243285155,-2.12840,-1.58260,0.27900,0.64252,-0.15828,-0.73504,-0.14776,0.28485,-0.00341,-0.59811,
314343234184,-2.10156,-1.58798,0.21513,0.67645,-0.13039,-0.71283,-0.13145,0.25390,-0.08810,-0.61676,
314443183217,-2.07822,-1.60073,0.15587,0.70418,-0.10499,-0.69321,-0.11212,0.18376,-0.17196,-0.52234,
314543132217,-2.05946,-1.63235,0.10478,0.72999,-0.08868,-0.67187,-0.08862,0.15127,-0.33631,-0.49401,
314643231189,-2.04664,-1.67674,0.06329,0.74917,-0.07188,-0.65407,-0.07598,0.07269,-0.44308,-0.29974,
314743180155,-2.03439,-1.72604,0.03873,0.76110,-0.07799,-0.64214,-0.04797,0.09757,-0.51195,-0.19912,
314843129203,-2.02316,-1.78292,0.02144,0.77209,-0.08449,-0.62886,-0.03581,0.09693,-0.60498,-0.13666,
314943228184,-2.01295,-1.84759,0.01276,0.78002,-0.09396,-0.61644,-0.05227,0.08953,-0.69521,-0.05286,
315043177217,-1.99702,-1.91632,0.01651,0.77282,-0.10827,-0.61868,-0.09085,0.18455,-0.63707,0.10459,
315143126217,-1.96957,-1.97227,0.03383,0.76513,-0.13832,-0.62103,-0.09886,0.33628,-0.50502,0.22900,
315243075217,-1.92948,-2.01288,0.06521,0.74873,-0.15698,-0.63527,-0.10580,0.45056,-0.30952,0.40681,
315343174189,-1.87543,-2.03101,0.11088,0.72254,-0.16735,-0.66188,-0.10882,0.57349,-0.08761,0.49662,
315443123189,-1.80922,-2.02780,0.16092,0.70352,-0.15376,-0.68656,-0.10029,0.65215,0.13695,0.53399,
315543072189,-1.74606,-2.00737,0.21525,0.67862,-0.14730,-0.71512,-0.07987,0.63031,0.31124,0.50136,
315643171188,-1.67736,-1.97371,0.25825,0.66343,-0.12373,-0.73526,-0.06275,0.59541,0.37614,0.36508,
315743120184,-1.62080,-1.93115,0.29389,0.64106,-0.08157,-0.76136,-0.05220,0.46270,0.48831,0.32058,
315843069188,-1.57658,-1.87642,0.32177,0.62965,-0.04791,-0.77520,-0.01766,0.34819,0.59430,0.21561,
315943018160,-1.54244,-1.81457,0.33097,0.62082,-0.01357,-0.78362,0.01857,0.30446,0.61484,-0.01929,
316043117217,-1.50793,-1.75386,0.32061,0.62782,0.03907,-0.77558,0.05285,0.28469,0.60388,-0.14675,
316143066184,-1.48050,-1.69706,0.30084,0.63242,0.07503,-0.76585,0.08884,0.26519,0.50003,-0.25088,
316243015188,-1.45043,-1.64777,0.26989,0.64337,0.12153,-0.74730,0.11333,0.28108,0.49265,-0.29127,
316343114188,-1.42414,-1.60276,0.23907,0.64805,0.13799,-0.73278,0.15500,0.24558,0.38543,-0.32254,
316443063184,-1.39581,-1.56721,0.20021,0.65882,0.17263,-0.70794,0.18700,0.27417,0.37830,-0.40574,
316543012160,-1.36901,-1.53628,0.15644,0.67458,0.20263,-0.67329,0.22486,0.23616,0.31631,-0.40418,
316642961184,-1.34419,-1.51235,0.11574,0.68106,0.22781,-0.64735,0.25534,0.21207,0.22201,-0.37759,
316743060217,-1.32051,-1.49581,0.07474,0.68784,0.24205,-0.62332,0.28242,0.25481,0.16593,-0.42223,
316843009184,-1.29117,-1.48325,0.03054,0.70292,0.25171,-0.59887,0.28966,0.35931,0.06193,-0.38491,
316942958160,-1.25498,-1.47439,-0.00359,0.71320,0.24197,-0.58783,0.29537,0.45429,0.09107,-0.27043,
317043057217,-1.20570,-1.46506,-0.02411,0.72081,0.21483,-0.58543,0.30258,0.61904,0.09299,-0.14220,
317143006184,-1.14456,-1.45770,-0.02732,0.73411,0.18856,-0.59552,0.26625,0.71207,0.09556,0.08838,
317242955217,-1.08685,-1.44662,-0.00150,0.73376,0.16653,-0.61861,0.22624,0.62608,0.18968,0.38770,
317342904160,-1.03401,-1.42691,0.04871,0.72604,0.14452,-0.64300,0.19630,0.59619,0.23866,0.56610,
317443003188,-0.98842,-1.40044,0.11537,0.70139,0.13911,-0.68347,0.14687,0.45831,0.29598,0.66225,
317542952160,-0.95293,-1.36680,0.18415,0.67496,0.13956,-0.71430,0.12137,0.34552,0.36138,0.68356,
317642901217,-0.92905,-1.33232,0.25529,0.64511,0.13922,-0.74399,0.10452,0.21062,0.32411,0.67290,
317743000188,-0.91464,-1.29363,0.31666,0.61492,0.15472,-0.76817,0.08862,0.11548,0.41783,0.53288,
317842949217,-0.90776,-1.24407,0.36565,0.59208,0.16214,-0.78257,0.10363,0.02209,0.50740,0.41885,
317942898183,-0.90279,-1.18588,0.40079,0.57311,0.17180,-0.79187,0.12236,0.01590,0.59339,0.25761,
318042847155,-0.89494,-1.11931,0.42081,0.55905,0.20880,-0.79040,0.13835,0.04921,0.68044,0.12436,
318142946155,-0.88316,-1.04689,0.43039,0.55129,0.24748,-0.78032,0.16104,0.06040,0.70365,0.06361,
318242895217,-0.87287,-0.97700,0.43010,0.54457,0.27830,-0.76746,0.19236,0.04900,0.68681,-0.07807,
318342844160,-0.86272,-0.91060,0.41307,0.55083,0.30982,-0.74117,0.22643,0.06255,0.63551,-0.22566,
318442943217,-0.86054,-0.85156,0.38291,0.55541,0.34006,-0.71226,0.26185,0.01513,0.58079,-0.31808,
318542892217,-0.85651,-0.79910,0.34253,0.56171,0.34821,-0.68402,0.30879,-0.01436,0.53143,-0.41614,
318642841217,-0.85320,-0.75215,0.29423,0.56741,0.36073,-0.65412,0.34649,-0.02100,0.47982,-0.49089,
318742791155,-0.84813,-0.70850,0.23717,0.57589,0.36520,-0.62469,0.38044,0.03441,0.45902,-0.60970,
318842889183,-0.83749,-0.66792,0.17080,0.59488,0.36995,-0.58378,0.41043,0.13454,0.42121,-0.65280,
318942838188,-0.82094,-0.63376,0.11038,0.60996,0.36853,-0.55296,0.43171,0.23595,0.38403,-0.51588,
319042787217,-0.79181,-0.60180,0.06207,0.62416,0.36340,-0.53345,0.44022,0.45107,0.36351,-0.44259,
319142886217,-0.74210,-0.57594,0.02630,0.65459,0.35726,-0.51789,0.41913,0.61185,0.32723,-0.26376,
319242835217,-0.68272,-0.55093,0.01538,0.67921,0.32509,-0.51886,0.40469,0.68695,0.30296,0.03877,
319342784250,-0.62148,-0.52264,0.03362,0.68715,0.30308,-0.54025,0.37960,0.63818,0.33151,0.30227,
319442733216,-0.56679,-0.49087,0.07476,0.68324,0.29140,-0.57617,0.34102,0.51038,0.33246,0.49120,
319542832255,-0.52937,-0.45443,0.12980,0.66758,0.29893,-0.60754,0.30964,0.29456,0.38361,0.59789,
319642781155,-0.51131,-0.41146,0.19312,0.63937,0.30581,-0.63770,0.30169,0.13027,0.43078,0.61595,
319742730183,-0.50946,-0.36012,0.24781,0.61264,0.33045,-0.65583,0.29216,-0.02118,0.52738,0.46255,
319842829183,-0.52015,-0.29967,0.28815,0.58935,0.36349,-0.65750,0.29705,-0.15148,0.59427,0.37144,
319942778159,-0.53728,-0.23302,0.32209,0.56528,0.40010,-0.65543,0.30130,-0.19044,0.64228,0.33535,
320042727188,-0.55713,-0.16228,0.35593,0.54464,0.44344,-0.64259,0.30626,-0.26931,0.66171,0.36656,
320142676159,-0.58772,-0.09616,0.39220,0.51182,0.47400,-0.63515,0.33159,-0.36597,0.60948,0.33120,
320242775183,-0.62257,-0.03295,0.41478,-0.48473,-0.51037,0.61314,-0.35863,-0.41357,0.55417,0.14526,
320342724159,-0.66452,0.02321,0.41779,-0.45397,-0.54384,0.58580,-0.39369,-0.49420,0.48939,-0.06237,
320442673183,-0.70943,0.07442,0.39850,0.43131,0.56997,-0.54538,0.43780,-0.47188,0.43261,-0.27763,
320542772159,-0.75181,0.11766,0.36190,0.42396,0.59207,-0.50340,0.46508,-0.44945,0.39760,-0.41197,
320642721183,-0.79181,0.15879,0.31305,0.41796,0.59618,-0.47046,0.49855,-0.43644,0.39712,-0.51678,
320742670154,-0.82752,0.20145,0.25760,0.41080,0.58870,-0.44753,0.53329,-0.41012,0.40380,-0.55461,
320842619188,-0.86483,0.24644,0.19852,0.40270,0.57342,-0.43048,0.56896,-0.35545,0.50641,-0.61132,
320942718440,-0.89632,0.30192,0.13940,0.41032,0.55737,-0.40099,0.60015,-0.27800,0.59824,-0.51784,
321042667216,-0.91821,0.36120,0.09873,0.41356,0.54007,-0.38714,0.62243,-0.17131,0.64113,-0.30057,
321142616183,-0.92756,0.42254,0.07781,0.42601,0.51937,-0.38181,0.63481,0.00654,0.66403,-0.08604,
321242715216,-0.93002,0.48003,0.08801,0.45194,0.52625,-0.38182,0.61076,-0.06293,0.62169,0.28540,
321342664216,-0.94442,0.53366,0.13382,0.43739,0.53293,-0.40483,0.60065,-0.10864,0.57723,0.58007,
321442613216,-0.96039,0.58481,0.19176,0.43374,0.56275,-0.42255,0.56271,-0.18219,0.55477,0.55642,
321542712216,-0.98446,0.63071,0.25174,0.42112,0.59433,-0.42587,0.53672,-0.26871,0.44524,0.63490,
321642661216,-1.01376,0.66714,0.31738,0.39657,0.62457,-0.43985,0.50909,-0.30616,0.34991,0.62868,
321742610183,-1.04996,0.69915,0.37601,0.37322,0.65817,-0.43987,0.48377,-0.37371,0.30418,0.51948,
321842559216,-1.09556,0.72550,0.42231,0.34588,0.68418,-0.43192,0.47510,-0.41527,0.24804,0.37970,
321942658216,-1.14259,0.75915,0.45080,0.33383,0.69191,-0.41979,0.48331,-0.46424,0.33614,0.20207,
322042607188,-1.19260,0.78577,0.46630,0.31128,0.72004,-0.39101,0.48141,-0.49696,0.17153,0.08522,
322142556188,-1.24971,0.80687,0.45958,0.28172,0.72458,-0.37848,0.50236,-0.62881,0.18475,-0.21457,
322242655216,-1.31788,0.82804,0.42123,0.25976,0.72098,-0.34384,0.54266,-0.69449,0.14138,-0.50001,
322342604216,-1.38912,0.84353,0.36176,0.24018,0.71074,-0.30809,0.58501,-0.71597,0.07984,-0.67528,
322442553216,-1.46070,0.85387,0.28966,0.22142,0.68822,-0.28017,0.63153,-0.72964,0.03561,-0.74829,
322542502216,-1.52631,0.86700,0.21719,0.20585,0.66126,-0.25250,0.67573,-0.66348,0.00891,-0.68244,
322642601216,-1.58440,0.87934,0.15572,0.19935,0.63663,-0.23152,0.70807,-0.57213,0.07217,-0.53618,
322742550183,-1.63819,0.89215,0.11168,0.20881,0.62236,-0.21194,0.72398,-0.62503,0.06923,-0.33529,
322842499154,-1.69842,0.89533,0.09377,0.19676,0.60588,-0.19862,0.74481,-0.68162,0.02223,0.03022,
322942598216,-1.76400,0.88984,0.11307,0.19804,0.62618,-0.18633,0.73073,-0.72020,-0.06136,0.34293,
323042547216,-1.83564,0.87244,0.15438,0.18232,0.65662,-0.16657,0.71264,-0.72721,-0.17690,0.48290,
323142496183,-1.90279,0.85073,0.21099,0.16076,0.68441,-0.14486,0.69624,-0.59139,-0.21477,0.66219,
323242445183,-1.95757,0.82328,0.28007,0.14500,0.72658,-0.12568,0.65974,-0.49215,-0.29616,0.68570,
323342544183,-2.00703,0.78614,0.34081,0.11587,0.75638,-0.10781,0.63470,-0.45773,-0.33876,0.51836,
323442493183,-2.05548,0.74976,0.38087,0.09062,0.77870,-0.08561,0.61489,-0.43523,-0.28832,0.28904,
323542442183,-2.10581,0.71996,0.39290,0.07408,0.78529,-0.06930,0.61076,-0.50332,-0.26256,-0.00113,
323642541216,-2.16167,0.69322,0.37886,0.05239,0.78511,-0.04190,0.61571,-0.54607,-0.24839,-0.23647,
323742490216,-2.22049,0.66960,0.34421,0.02583,0.76850,-0.02097,0.63898,-0.57403,-0.23185,-0.39576,
323842439216,-2.27407,0.64785,0.30506,0.00290,0.75319,0.00650,0.65776,-0.46801,-0.23525,-0.38416,
323942388216,-2.31973,0.62388,0.26619,-0.03461,0.73808,0.02361,0.67341,-0.41105,-0.28985,-0.38440,
324042487187,-2.35872,0.59788,0.22441,-0.08065,0.71929,0.03796,0.68896,-0.36658,-0.26902,-0.44122,
324142436216,-2.39293,0.57168,0.17876,-0.11623,0.70440,0.05828,0.69779,-0.32346,-0.33334,-0.46941,
324242385182,-2.42603,0.54182,0.12932,-0.16974,0.68165,0.05268,0.70976,-0.34295,-0.34431,-0.54316,
324342484159,-2.46405,0.50830,0.07753,-0.20210,0.65244,0.06432,0.72755,-0.41161,-0.37914,-0.49562,
324442433187,-2.50864,0.47208,0.04112,-0.22145,0.63032,0.07380,0.74041,-0.50475,-0.39472,-0.24360,
324542382216,-2.56217,0.43400,0.03661,-0.21798,0.62550,0.08905,0.74384,-0.60470,-0.41158,0.13307,
324642331182,-2.62226,0.39178,0.07025,-0.21390,0.63640,0.09949,0.73440,-0.65515,-0.42949,0.54620,
324742430182,-2.68556,0.34886,0.13891,-0.18971,0.67740,0.11122,0.70197,-0.62681,-0.33461,0.76154,
324842379159,-2.74302,0.31428,0.21551,-0.15106,0.71213,0.14262,0.67061,-0.49174,-0.28751,0.73947,
324942328216,-2.78377,0.28644,0.28804,-0.13337,0.74205,0.14929,0.63975,-0.35882,-0.21931,0.66339,
325042427182,-2.81373,0.26071,0.34520,-0.11376,0.76870,0.16199,0.60821,-0.22854,-0.23407,0.50358,
325142376216,-2.83308,0.22511,0.38265,-0.11689,0.78601,0.17271,0.58197,-0.17235,-0.36879,0.26911,
325242325182,-2.85049,0.18049,0.39788,-0.13818,0.78739,0.18427,0.57181,-0.17071,-0.45374,-0.00885,
325342274216,-2.87018,0.12908,0.38747,-0.15349,0.77830,0.21513,0.56957,-0.18198,-0.54718,-0.21350,
325442373216,-2.89016,0.06641,0.36455,-0.18513,0.76201,0.24298,0.57099,-0.16891,-0.64610,-0.29201,
325542322182,-2.91003,-0.00058,0.33016,-0.22921,0.73242,0.26467,0.58393,-0.16190,-0.65017,-0.39652,
325642271216,-2.92585,-0.06207,0.28871,-0.26884,0.69393,0.30030,0.59666,-0.04240,-0.56630,-0.44490,
325742370216,-2.92614,-0.11449,0.24131,-0.31741,0.66869,0.31691,0.59302,0.04858,-0.51247,-0.54978,
325842319187,-2.92120,-0.16566,0.17833,-0.38093,0.62267,0.32291,0.60242,0.09971,-0.46509,-0.62408,
325942268187,-2.91276,-0.20540,0.11373,-0.42120,0.58421,0.33213,0.60908,0.11169,-0.43960,-0.61246,
326042218943,-2.90164,-0.24710,0.05502,-0.46270,0.54078,0.33850,0.61553,0.14671,-0.48238,-0.48962,
326142323052,-2.88145,-0.29133,0.01725,-0.49562,0.50791,0.34678,0.61329,0.16715,-0.54983,-0.17543,
326242277121,-2.86398,-0.34675,0.01553,0.50483,-0.50204,-0.36200,-0.60171,0.12141,-0.68217,0.20558,
326342231276,-2.84470,-0.41673,0.04892,-0.49329,0.51273,0.39220,0.58305,0.16901,-0.74652,0.50548,
326442335352,-2.82436,-0.49002,0.11095,-0.48055,0.52996,0.42009,0.55834,0.14942,-0.67382,0.75353,
326542289449,-2.80541,-0.55411,0.18790,-0.43900,0.55448,0.45950,0.53730,0.16272,-0.56519,0.77344,
326642243742,-2.78316,-0.60280,0.26265,-0.40952,0.57223,0.49545,0.50929,0.26867,-0.39844,0.68343,
326742197673,-2.75704,-0.63888,0.32135,-0.40940,0.58385,0.50685,0.48437,0.27651,-0.32453,0.50224,
326842301745,-2.72484,-0.66590,0.36001,-0.39670,0.59653,0.52984,0.45393,0.34417,-0.21228,0.24255,
326942255875,-2.68560,-0.69317,0.36398,-0.41109,0.60795,0.52704,0.42852,0.38134,-0.28683,-0.17835,
327042208182,-2.64966,-0.73307,0.32867,-0.44275,0.58604,0.52874,0.42540,0.31511,-0.44925,-0.49262,
327142307187,-2.61462,-0.78113,0.27807,-0.46732,0.55092,0.54317,0.42785,0.36540,-0.45530,-0.49634,
327242256187,-2.58024,-0.83148,0.22948,0.50798,-0.52544,-0.53495,-0.42390,0.34912,-0.46353,-0.46625,
327342205215,-2.54690,-0.88030,0.18567,0.54836,-0.49427,-0.53004,-0.41720,0.35913,-0.47555,-0.43642,
327442154187,-2.51582,-0.92854,0.14793,0.57859,-0.44866,-0.53667,-0.41944,0.33164,-0.43473,-0.36268,
327542253215,-2.48675,-0.97079,0.12413,0.59169,-0.40264,-0.55409,-0.42515,0.46518,-0.31796,-0.14418,
327642202215,-2.43963,-0.99792,0.12377,0.61646,-0.35789,-0.56787,-0.41160,0.60546,-0.22781,0.15920,
327742151215,-2.37809,-1.01352,0.15337,0.61760,-0.31949,-0.60848,-0.38242,0.67677,-0.15255,0.40854,
327842250215,-2.31411,-1.02455,0.19929,0.60787,-0.29060,-0.64957,-0.35229,0.64960,-0.09645,0.49531,
327942199187,-2.25296,-1.02917,0.24694,0.59280,-0.26796,-0.68669,-0.32442,0.60938,-0.04833,0.46761,
328042148187,-2.19768,-1.03156,0.28584,0.57813,-0.25762,-0.71576,-0.29510,0.54447,-0.04351,0.31122,
328142097215,-2.14484,-1.03439,0.30330,0.57640,-0.25829,-0.72629,-0.27120,0.50640,-0.10175,0.04891,
328242196215,-2.09294,-1.05158,0.29289,0.59090,-0.26113,-0.72035,-0.25249,0.49196,-0.28063,-0.24579,
328342145187,-2.04710,-1.08513,0.26200,0.60683,-0.25921,-0.70752,-0.25296,0.39248,-0.39359,-0.33965,
328442094187,-2.01520,-1.12700,0.23013,0.62300,-0.25982,-0.68633,-0.27077,0.24886,-0.46523,-0.25384,
328542193182,-1.99384,-1.18191,0.22020,0.63523,-0.26554,-0.66808,-0.28221,0.11489,-0.51452,0.05837,
328642142215,-1.98826,-1.23188,0.24115,0.61418,-0.28120,-0.67548,-0.29570,-0.00084,-0.48422,0.32544,
328742091187,-1.99247,-1.27597,0.27803,0.57915,-0.29962,-0.69512,-0.30269,-0.04970,-0.40739,0.40597,
328842040215,-1.99543,-1.31381,0.32069,0.53981,-0.32024,-0.71523,-0.30741,0.05333,-0.34074,0.44183,
328942139187,-1.98544,-1.34406,0.36322,0.51339,-0.33430,-0.73068,-0.30128,0.18123,-0.26076,0.38887,
329042088215,-1.96336,-1.36655,0.39865,-0.48803,0.33012,0.75317,0.29255,0.28249,-0.12992,0.29595,
329142037186,-1.92676,-1.37793,0.42660,-0.47765,0.31568,0.77262,0.27434,0.47552,-0.06165,0.20931,
329242136215,-1.87565,-1.37923,0.44258,-0.48592,0.27460,0.79149,0.24903,0.53208,0.08568,0.08717,
329342085186,-1.81999,-1.36492,0.44459,-0.49319,0.22093,0.81390,0.21335,0.55143,0.25665,-0.05638,
329442034215,-1.76118,-1.33890,0.43082,0.51891,-0.17363,-0.82003,-0.16777,0.56306,0.34792,-0.25288,
329541983215,-1.70596,-1.30774,0.39601,0.55807,-0.11225,-0.80952,-0.14363,0.47624,0.37986,-0.42300,
329642082215,-1.65792,-1.27001,0.34829,0.59378,-0.06722,-0.79401,-0.11159,0.45957,0.39291,-0.57030,
329742031186,-1.61196,-1.23626,0.28192,0.64474,-0.01971,-0.75893,-0.08911,0.37285,0.35130,-0.71284,
329841980386,-1.57976,-1.20348,0.20787,0.68455,0.00849,-0.72539,-0.07166,0.28970,0.35663,-0.74148,
329942079182,-1.55287,-1.16465,0.13623,0.72410,0.02615,-0.68802,-0.04029,0.27930,0.42468,-0.64314,
330042028182,-1.52445,-1.12136,0.08080,0.75446,0.04119,-0.65504,0.00500,0.28988,0.50477,-0.43337,
330141977215,-1.49492,-1.06777,0.04750,0.77210,0.06936,-0.63019,0.04368,0.31527,0.61690,-0.20276,
330241926186,-1.46209,-1.00740,0.04571,0.77484,0.10196,-0.61987,0.07058,0.35629,0.64543,0.20147,
330342025186,-1.42590,-0.93898,0.07766,0.75421,0.13580,-0.63615,0.08968,0.37963,0.68149,0.47289,
330441974215,-1.39152,-0.86998,0.13229,0.72393,0.16742,-0.66116,0.10374,0.33917,0.59223,0.63202,
330541923182,-1.35959,-0.81297,0.19836,0.68578,0.21337,-0.68894,0.09762,0.28547,0.46822,0.73946,
330642022153,-1.33816,-0.77560,0.27069,0.64293,0.23968,-0.71910,0.10998,0.22158,0.23677,0.68308,
330741971215,-1.31637,-0.76227,0.32825,0.61032,0.24680,-0.74527,0.10572,0.26389,0.05170,0.44297,
330841920215,-1.28873,-0.75756,0.35741,0.59004,0.26125,-0.75819,0.09356,0.29960,-0.03092,0.16733,
330942019215,-1.25549,-0.75885,0.35702,0.58468,0.24569,-0.76509,0.11150,0.33923,-0.06872,-0.15919,
331041968181,-1.21342,-0.76918,0.32788,0.59728,0.23795,-0.75544,0.12628,0.42976,-0.07510,-0.41233,
331141917215,-1.16570,-0.77681,0.28152,0.63114,0.23204,-0.72310,0.15797,0.41369,0.01342,-0.44969,
331241866215,-1.12151,-0.77804,0.23427,0.64347,0.22047,-0.70374,0.20515,0.34256,0.06262,-0.47458,
331341965215,-1.07986,-0.76649,0.18107,0.65614,0.21542,-0.67689,0.25475,0.32039,0.17964,-0.57886,
331441914153,-1.04496,-0.74900,0.12471,0.67654,0.23611,-0.63540,0.28776,0.22806,0.22066,-0.53092,
331541863215,-1.01661,-0.72767,0.07392,0.68764,0.24241,-0.60762,0.31494,0.18321,0.30673,-0.48620,
331641962186,-0.99698,-0.69854,0.03110,0.69433,0.24775,-0.57858,0.34896,0.14219,0.40236,-0.34350,
331741911215,-0.98439,-0.65808,0.00619,0.69269,0.26021,-0.55870,0.37460,0.14097,0.53412,-0.08771,
331841860215,-0.96728,-0.59976,0.00827,0.68064,0.28009,-0.55463,0.38815,0.16643,0.63607,0.22240,
331941809215,-0.95221,-0.53174,0.04133,0.66281,0.30876,-0.55901,0.39097,0.17910,0.69675,0.52857,
332041908215,-0.93504,-0.46011,0.10761,0.63561,0.34651,-0.58080,0.37229,0.15542,0.66620,0.78478,
332141857215,-0.92488,-0.39650,0.18953,0.59882,0.38845,-0.60500,0.35284,0.07442,0.54159,0.81632,
332241806215,-0.91969,-0.34833,0.26578,0.56299,0.41965,-0.62508,0.34090,0.05417,0.36191,0.68714,
332341905157,-0.91414,-0.31372,0.32728,0.54722,0.43969,-0.63289,0.32660,0.05982,0.22696,0.57647,
332441854186,-0.91342,-0.29669,0.37406,0.50850,0.45555,-0.66295,0.30724,-0.00240,0.12284,0.30422,
332541803181,-0.91237,-0.27823,0.38218,-0.48858,-0.44133,0.68152,-0.31946,0.09911,0.22839,-0.15941,
332641752215,-0.89733,-0.24817,0.34919,0.50242,0.44996,-0.66044,0.33004,0.17177,0.35437,-0.43887,
332741851186,-0.88108,-0.21165,0.29723,0.51248,0.45801,-0.63193,0.35813,0.17520,0.40510,-0.57752,
332841800619,-0.86185,-0.17101,0.23300,0.52480,0.44794,-0.60218,0.40164,0.21086,0.42258,-0.68594,
332941749214,-0.84049,-0.13382,0.16447,0.55052,0.45713,-0.54779,0.43346,0.16079,0.32877,-0.61532,
333041848214,-0.82425,-0.10749,0.11068,0.55600,0.46249,-0.51360,0.46172,0.08569,0.22019,-0.48510,
333141797214,-0.81947,-0.08513,0.06103,0.54812,0.46040,-0.48271,0.50457,0.00265,0.19100,-0.50000,
333241746181,-0.82442,-0.07151,0.01187,0.54153,0.46233,-0.44529,0.54288,-0.05552,0.13692,-0.42050,
333341695214,-0.83212,-0.05563,-0.02393,0.54230,0.46420,-0.41288,0.56565,-0.13152,0.23254,-0.22548,
333441794214,-0.84883,-0.02959,-0.02996,0.53415,0.48652,-0.38656,0.57320,-0.22556,0.36611,0.14558,
333541743214,-0.86994,0.00608,-0.00226,0.50943,0.52016,-0.38126,0.56970,-0.16488,0.42308,0.42665,
333641692181,-0.88515,0.05192,0.04631,0.49581,0.56483,-0.38176,0.53795,-0.12447,0.48259,0.56711,
333741791214,-0.89855,0.10370,0.11126,0.47275,0.60631,-0.38739,0.50875,-0.09608,0.46282,0.71551,
333841740181,-0.90393,0.14894,0.18345,0.44376,0.63458,-0.40098,0.48949,0.06520,0.43454,0.71604,
333941689167,-0.89170,0.18914,0.25396,0.42515,0.65968,-0.42710,0.44906,0.20785,0.33677,0.65989,
334041638181,-0.86949,0.22160,0.31025,0.40511,0.66114,-0.47107,0.42057,0.25337,0.31342,0.42144,
334141737181,-0.84629,0.25621,0.33941,0.38376,0.64314,-0.51135,0.42145,0.24347,0.37472,0.13686,
334241686186,-0.82140,0.30278,0.33981,0.37471,0.60469,-0.53649,0.45400,0.28528,0.52610,-0.16529,
334341635167,-0.79124,0.35400,0.30843,0.38068,0.60293,-0.52828,0.46096,0.28442,0.57655,-0.48643,
334441734214,-0.76552,0.41173,0.25186,0.40087,0.59900,-0.50000,0.48010,0.20431,0.57318,-0.59987,
334541683181,-0.74681,0.46054,0.19430,0.40947,0.58324,-0.47645,0.51495,0.08936,0.44008,-0.55017,
334641632152,-0.74122,0.50091,0.13668,0.39981,0.56763,-0.45196,0.56007,-0.07589,0.36206,-0.60785,
334741581186,-0.74738,0.53807,0.07494,0.39546,0.55007,-0.40250,0.61565,-0.16903,0.30230,-0.59243,
334841680152,-0.76287,0.56269,0.02165,0.37391,0.54350,-0.35369,0.66310,-0.29346,0.17374,-0.53169,
334941629214,-0.78712,0.57605,-0.02263,0.35104,0.53104,-0.30423,0.70866,-0.33665,0.06545,-0.33740,
335041578214,-0.82532,0.58352,-0.04789,0.32646,0.53808,-0.25999,0.73232,-0.52208,0.08435,-0.15250,
335141677214,-0.87837,0.59404,-0.04923,0.30161,0.55432,-0.21904,0.74416,-0.62370,0.13719,0.18594,
335241626152,-0.94212,0.60973,-0.01487,0.26670,0.59138,-0.20389,0.73319,-0.68001,0.22443,0.48636,
335341575152,-1.00810,0.63422,0.04156,0.23766,0.63171,-0.19857,0.71066,-0.64865,0.29004,0.68256,
335441524214,-1.06949,0.65810,0.11608,0.21090,0.67423,-0.19980,0.67898,-0.55359,0.27774,0.82222,
335541623214,-1.11958,0.68130,0.19911,0.20104,0.72171,-0.20525,0.62975,-0.39711,0.21538,0.85442,
335641572186,-1.15854,0.69306,0.27441,0.18122,0.76430,-0.21215,0.58138,-0.28875,0.09990,0.67082,
335741521181,-1.19186,0.70505,0.32003,0.16377,0.77456,-0.22242,0.56900,-0.28149,0.14115,0.32223,
335841620181,-1.22218,0.71518,0.32799,0.15223,0.78804,-0.21813,0.55519,-0.23394,0.13572,-0.09349,
335941569214,-1.26180,0.73484,0.29174,0.14765,0.78361,-0.20310,0.56825,-0.38786,0.20930,-0.52416,
336041518214,-1.30928,0.76123,0.22974,0.14923,0.76827,-0.16731,0.59958,-0.45039,0.24394,-0.66521,
336141467185,-1.35692,0.78318,0.16462,0.13914,0.74253,-0.13365,0.64142,-0.41466,0.17785,-0.61716,
336241566181,-1.40137,0.79840,0.10871,0.10847,0.71820,-0.11245,0.67807,-0.45195,0.10082,-0.56084,
336341515166,-1.44940,0.80849,0.05957,0.06662,0.68980,-0.06897,0.71762,-0.46169,0.01853,-0.43157,
336441464181,-1.49583,0.80901,0.03259,0.02362,0.67287,-0.02358,0.73900,-0.42430,-0.13156,-0.14235,
336541563214,-1.53511,0.79902,0.03282,-0.02207,0.66121,0.00632,0.74985,-0.39500,-0.22562,0.16784,
336641512185,-1.56882,0.77735,0.06516,-0.04103,0.68584,0.04214,0.72537,-0.36701,-0.29784,0.41897,
336741461219,-1.60840,0.74552,0.10961,-0.06059,0.70844,0.07282,0.69938,-0.43700,-0.34430,0.46795,
336841410157,-1.65002,0.71135,0.16010,-0.07607,0.73585,0.10379,0.66481,-0.40675,-0.33274,0.52505,
336941509185,-1.68999,0.67814,0.20881,-0.08719,0.76443,0.12395,0.62665,-0.41525,-0.31024,0.45246,
337041458214,-1.73293,0.64340,0.24878,-0.08620,0.78249,0.14127,0.60027,-0.40691,-0.33941,0.39002,
337141407181,-1.77662,0.60510,0.28181,-0.10487,0.79933,0.14128,0.57455,-0.45573,-0.37907,0.27376,
337241506214,-1.82280,0.56488,0.29683,-0.12077,0.80341,0.15114,0.56312,-0.45258,-0.34850,0.05121,
337341455204,-1.87042,0.52998,0.28214,-0.13815,0.80427,0.15584,0.55657,-0.47478,-0.36203,-0.32214,
337441404180,-1.92208,0.49551,0.23790,-0.17239,0.77615,0.15208,0.58715,-0.46496,-0.33910,-0.49388,
337541353214,-1.96553,0.46227,0.18272,-0.19682,0.74811,0.17200,0.60993,-0.35196,-0.31030,-0.58961,
337641452180,-1.99936,0.43316,0.12151,-0.21692,0.71533,0.18167,0.63894,-0.27267,-0.28522,-0.66500,
337741401180,-2.03651,0.40441,0.05784,-0.23705,0.67250,0.19433,0.67363,-0.31519,-0.33202,-0.63994,
337841350214,-2.07339,0.37393,0.00107,-0.25766,0.63580,0.20997,0.69663,-0.34232,-0.33598,-0.51377,
337941449180,-2.11257,0.33921,-0.04147,-0.30108,0.59914,0.21406,0.71032,-0.41689,-0.39888,-0.32797,
338041398214,-2.15736,0.29918,-0.05995,-0.34474,0.57030,0.23032,0.70913,-0.44910,-0.45214,-0.03249,
338141347214,-2.20377,0.25334,-0.04791,-0.36760,0.55083,0.25987,0.70279,-0.51459,-0.51698,0.35561,
338241296214,-2.24711,0.20848,0.01116,-0.36689,0.57527,0.30291,0.66536,-0.39907,-0.43074,0.76761,
338341395214,-2.27867,0.17248,0.08787,-0.36071,0.60474,0.33663,0.62519,-0.29310,-0.31804,0.76648,
338441344180,-2.30120,0.14343,0.15919,-0.33106,0.62422,0.38252,0.59534,-0.18708,-0.25676,0.67882,
338541293185,-2.31545,0.11298,0.21850,-0.30736,0.64784,0.40971,0.56388,-0.12070,-0.28836,0.49600,
338641392214,-2.32077,0.07589,0.25394,-0.30539,0.66471,0.41467,0.54125,-0.07081,-0.35869,0.22169,
338741341152,-2.32494,0.03603,0.26268,-0.31156,0.67899,0.41588,0.51860,-0.05742,-0.45292,-0.03976,
338841290185,-2.33489,-0.01912,0.24889,-0.33112,0.67698,0.41441,0.51023,-0.15462,-0.59819,-0.23753,
338941239185,-2.35066,-0.08403,0.22362,-0.34671,0.65795,0.43105,0.51097,-0.13862,-0.64089,-0.26370,
339041338180,-2.36181,-0.14865,0.19691,-0.36517,0.64339,0.44003,0.50899,-0.08317,-0.65912,-0.29668,
339141287152,-2.36912,-0.21328,0.16353,-0.39203,0.62399,0.44350,0.51015,-0.03822,-0.58681,-0.38956,
339241236214,-2.37493,-0.26866,0.11643,-0.41934,0.58745,0.45616,0.52055,-0.05088,-0.52596,-0.51805,
339341335214,-2.37523,-0.31651,0.06751,-0.44145,0.54504,0.47358,0.53270,0.04349,-0.44595,-0.43843,
339441284214,-2.37269,-0.35526,0.02167,-0.47634,0.51872,0.46346,0.53781,0.09232,-0.44758,-0.46980,
339541233214,-2.36295,-0.39748,-0.01414,0.50875,-0.47353,-0.46848,-0.54540,0.18423,-0.52213,-0.19445,
339641182213,-2.34230,-0.45217,-0.01499,0.54385,-0.44436,-0.48242,-0.52350,0.28764,-0.60404,0.20408,
339741281152,-2.31473,-0.50546,0.02098,0.56726,-0.43169,-0.51951,-0.47114,0.29300,-0.51471,0.47357,
339841230213,-2.28994,-0.55103,0.07668,0.57136,-0.40447,-0.56838,-0.43231,0.24958,-0.37298,0.69445,
339941179185,-2.26924,-0.57699,0.15189,0.55903,-0.40138,-0.61881,-0.37875,0.22880,-0.15825,0.75547,
340041278185,-2.24772,-0.58607,0.21729,0.55419,-0.40029,-0.64999,-0.33188,0.21476,-0.05834,0.56081,
340141227213,-2.22737,-0.58939,0.26492,0.53844,-0.38100,-0.68467,-0.31009,0.20889,0.00697,0.38760,
340241176213,-2.20257,-0.58797,0.29194,0.51659,-0.36956,-0.71650,-0.28842,0.27812,0.01367,0.16251,
340341125275,-2.16857,-0.59248,0.29250,0.52022,-0.36306,-0.72572,-0.26626,0.33014,-0.07449,-0.11475,
340441224185,-2.13096,-0.61419,0.26644,0.53504,-0.35655,-0.72098,-0.25844,0.38869,-0.32188,-0.32573,
340541173180,-2.09316,-0.65627,0.23544,0.55233,-0.34913,-0.70988,-0.26287,0.32751,-0.52556,-0.25161,
340641122213,-2.06378,-0.71633,0.22178,0.55503,-0.35280,-0.69921,-0.28032,0.24722,-0.65557,-0.02459,
340741221180,-2.04543,-0.78659,0.23160,0.54405,-0.36288,-0.69456,-0.29987,0.10888,-0.67539,0.17252,
340841170213,-2.04010,-0.85726,0.25158,0.52558,-0.39382,-0.68534,-0.31461,-0.01073,-0.67183,0.17932,
340941119156,-2.04302,-0.91898,0.26740,0.51557,-0.41803,-0.67003,-0.33240,-0.09176,-0.58353,0.11040,
341041210074,-2.05290,-0.97385,0.27246,-0.49377,0.43942,0.65695,0.36266,-0.10192,-0.56297,-0.06708,
341141134453,-2.05806,-1.03388,0.26428,-0.48586,0.45166,0.64181,0.38473,-0.02505,-0.61796,-0.18736,
341241057890,-2.06242,-1.09885,0.24432,-0.49243,0.47111,0.61411,0.39804,-0.05479,-0.65380,-0.32834,
341340981769,-2.06935,-1.16761,0.20746,-0.49706,0.47401,0.59242,0.42104,-0.06912,-0.67639,-0.46976,
341441055678,-2.07704,-1.23097,0.16195,-0.49674,0.47484,0.56638,0.45497,-0.07365,-0.55248,-0.47861,
341540979557,-2.07928,-1.27876,0.11734,-0.49354,0.47991,0.53914,0.48521,0.03088,-0.39843,-0.45468,
341640903475,-2.07846,-1.31857,0.07546,-0.48824,0.47205,0.51198,0.52599,0.02789,-0.32575,-0.39711,
341740977350,-2.07489,-1.34895,0.04386,-0.48108,0.47827,0.48575,0.55123,0.07316,-0.28404,-0.35426,
341840901291,-2.07632,-1.37766,0.01214,-0.48790,0.47988,0.44946,0.57416,-0.04295,-0.28522,-0.32673,
341940825176,-2.08867,-1.40150,-0.01254,-0.46922,0.49286,0.42071,0.59994,-0.15516,-0.22815,-0.18229,
342040757184,-2.11258,-1.41851,-0.02751,-0.44243,0.52222,0.37426,0.62567,-0.28558,-0.11705,-0.08521,
342140856213,-2.14282,-1.41823,-0.03564,-0.39405,0.55971,0.32764,0.65123,-0.28066,0.10140,-0.04686,
342240805180,-2.16843,-1.39845,-0.04280,-0.34672,0.57901,0.27104,0.68634,-0.26569,0.33744,-0.06089,
342340754185,-2.18691,-1.35661,-0.04609,-0.27557,0.60294,0.22911,0.71277,-0.19163,0.50077,-0.04752,
342440853213,-2.20350,-1.30170,-0.05093,-0.22440,0.61002,0.17223,0.74018,-0.18323,0.63492,-0.00132,
342540802213,-2.21432,-1.23462,-0.04398,-0.16467,0.62669,0.12310,0.75166,-0.06476,0.70376,0.14208,
342640751184,-2.21189,-1.16615,-0.03009,-0.11360,0.64454,0.06738,0.75308,0.09488,0.68714,0.15745,
342740700184,-2.19499,-1.09737,-0.01745,-0.07112,0.65306,0.01878,0.75373,0.21704,0.66174,0.11952,
342840799213,-2.16262,-1.03251,-0.00673,-0.03103,0.65290,-0.02392,0.75643,0.37177,0.64225,0.11741,
342940748180,-2.11179,-0.96657,0.00817,0.00806,0.65694,-0.06485,0.75110,0.58605,0.64875,0.17109,
343040697213,-2.04938,-0.90211,0.02414,0.05771,0.66471,-0.09968,0.73817,0.62575,0.64710,0.15768,
343140796180,-1.98625,-0.83884,0.04753,0.09829,0.66633,-0.14346,0.72510,0.63878,0.62634,0.26124,
343240745213,-1.92420,-0.77674,0.07132,0.14807,0.66579,-0.18360,0.70788,0.60428,0.61696,0.21485,
343340694184,-1.86390,-0.71638,0.09118,0.18737,0.64653,-0.23255,0.70200,0.63753,0.65064,0.16955,
343440643470,-1.79288,-0.65145,0.10661,0.25454,0.63575,-0.28014,0.67272,0.69764,0.62706,0.11782,
343540742213,-1.72706,-0.59105,0.11565,0.31168,0.61250,-0.33368,0.64526,0.64606,0.61713,0.08378,
343640691184,-1.66104,-0.53563,0.12820,0.34909,0.57982,-0.39261,0.62274,0.72049,0.55888,0.15160,
343740640151,-1.57614,-0.48138,0.14677,0.39353,0.54164,-0.45457,0.58747,0.85226,0.44368,0.17975,
343840739184,-1.48473,-0.44039,0.15931,0.43733,0.51329,-0.49987,0.54351,0.89369,0.35618,0.09589,
343940688180,-1.38556,-0.41393,0.17089,-0.46885,-0.47656,0.54195,-0.50927,0.97690,0.24339,0.07856,
344040637180,-1.28916,-0.39384,0.17602,0.50571,0.43988,-0.57054,0.47460,1.05321,0.13608,0.01795,
344140586213,-1.17941,-0.38929,0.18120,0.53918,0.40835,-0.59623,0.43248,1.05078,0.01654,0.03624,
344240685179,-1.06416,-0.39565,0.18540,0.56681,0.37971,-0.62062,0.38650,1.02420,-0.06374,0.03681,
344340634179,-0.95921,-0.40651,0.18733,0.59487,0.35541,-0.62981,0.35093,0.98767,-0.08212,0.00845,
344440583213,-0.86546,-0.42300,0.19519,0.60789,0.33578,-0.64768,0.31342,0.81647,-0.16924,0.09930,
344540682213,-0.78906,-0.42577,0.19806,0.61872,0.29760,-0.66105,0.30270,0.73061,-0.10798,0.00797,
344640631179,-0.72011,-0.42939,0.19535,0.62875,0.27351,-0.66888,0.28716,0.62697,-0.10703,-0.00760,
344740580184,-0.65598,-0.43834,0.18677,0.64007,0.24854,-0.67733,0.26412,0.61790,-0.01728,-0.11645,
344840529179,-0.59077,-0.44230,0.17306,0.65344,0.23436,-0.67980,0.23655,0.58049,0.04309,-0.09944,
344940628222,-0.52496,-0.43609,0.16160,0.65788,0.21318,-0.68922,0.21616,0.53214,0.10015,-0.06193,
345040577179,-0.46873,-0.42467,0.15281,0.66471,0.18804,-0.69424,0.20208,0.47970,0.14979,-0.07310,
345140526213,-0.41956,-0.41111,0.14838,0.67717,0.15845,-0.68712,0.21022,0.41462,0.16385,0.00368,
345240625213,-0.37414,-0.39560,0.14433,0.67711,0.13245,-0.69623,0.19810,0.38287,0.16949,-0.06080,
345340574184,-0.33255,-0.37802,0.13578,0.68247,0.12391,-0.69223,0.19928,0.30972,0.24971,-0.03398,
345440523184,-0.30288,-0.36031,0.13236,0.67514,0.10444,-0.69280,0.23089,0.22020,0.17297,-0.03742,
345540472213,-0.27899,-0.35084,0.12204,0.66835,0.11290,-0.69498,0.23994,0.25136,0.07041,-0.12357,
345640571179,-0.25597,-0.34874,0.10986,0.67077,0.12266,-0.68379,0.25971,0.18613,0.01071,-0.07266,
345740520213,-0.23665,-0.35292,0.09746,0.66852,0.14764,-0.67911,0.26477,0.25210,-0.06557,-0.14448,
345840469213,-0.21135,-0.36071,0.08397,0.67601,0.15757,-0.66861,0.26672,0.27376,-0.13431,-0.11423,
345940568155,-0.18323,-0.37111,0.07117,0.68318,0.19661,-0.65367,0.25948,0.29151,-0.04924,-0.11043,
346040517184,-0.15682,-0.37542,0.06161,0.68791,0.21435,-0.62251,0.30548,0.21827,-0.06084,-0.04854,
346140466179,-0.13563,-0.38535,0.05369,0.68187,0.23698,-0.60807,0.33037,0.21054,-0.07784,-0.12063,
346240415184,-0.11731,-0.39415,0.04043,0.68874,0.24869,-0.58780,0.34392,0.15554,-0.06905,-0.11310,
346340514179,-0.10381,-0.40197,0.03005,0.69555,0.25838,-0.57710,0.34118,0.11540,-0.03999,-0.08433,
346440463179,-0.09682,-0.40494,0.02181,0.69907,0.26470,-0.57352,0.33512,0.05616,0.02646,-0.10638,
346540412212,-0.09519,-0.40303,0.01218,0.70605,0.26808,-0.56301,0.33564,-0.01636,0.04458,-0.06804,
346640511179,-0.10004,-0.39936,0.00815,0.70176,0.27349,-0.56021,0.34481,-0.07462,0.04917,-0.03124,
346740460212,-0.10819,-0.39675,0.00376,0.70193,0.27660,-0.55474,0.35079,-0.07708,0.03421,-0.05524,
346840409184,-0.11450,-0.39329,-0.00009,0.70127,0.28092,-0.55325,0.35103,-0.04902,0.03234,-0.02562,
346940358212,-0.11984,-0.39261,-0.00138,0.69839,0.27869,-0.55708,0.35250,-0.03394,-0.00248,-0.03126,
347040457184,-0.12302,-0.39585,-0.00558,0.70134,0.27369,-0.55979,0.34619,-0.01832,-0.03233,-0.05269,
347140406150,-0.12618,-0.39835,-0.00864,0.70333,0.26706,-0.56344,0.34138,-0.03457,0.00069,-0.01928,
347240355212,-0.13043,-0.39621,-0.01034,0.70197,0.26194,-0.56473,0.34599,-0.04713,0.01462,-0.01543,
347340454179,-0.13753,-0.39462,-0.01119,0.69903,0.26202,-0.56591,0.34992,-0.08553,0.02181,-0.03133,
347440403150,-0.14257,-0.39447,-0.01760,0.70606,0.25480,-0.55768,0.35434,-0.02544,-0.00520,-0.06813,
347540352212,-0.14630,-0.39393,-0.01683,0.70520,0.25590,-0.55716,0.35607,-0.04774,0.01277,0.05739,
347640301212,-0.15299,-0.39420,-0.01320,0.70530,0.25912,-0.55874,0.35104,-0.06952,0.00891,0.02159,
347740400179,-0.16210,-0.39239,-0.01304,0.70570,0.26110,-0.55577,0.35346,-0.08132,0.04917,-0.01742,
347840349212,-0.16931,-0.38771,-0.01388,0.70269,0.26427,-0.55224,0.36253,-0.05833,0.04449,0.00167,
