55500154868292,-0.05322,-0.04418,0.01225,0.82357,0.06729,-0.55981,0.06177,-0.04673,-0.00885,0.02110,
55500254817292,-0.05795,-0.04710,0.01412,0.81999,0.06931,-0.56564,0.05342,-0.06526,-0.04871,0.02669,
55500354766259,-0.06142,-0.05132,0.01535,0.81494,0.07311,-0.57342,0.04154,-0.01344,0.01510,0.00397,
55500454715292,-0.06051,-0.04717,0.01429,0.81227,0.07867,-0.57623,0.04459,0.01460,0.06303,-0.02421,
55500554814292,-0.05784,-0.04104,0.00977,0.81262,0.09032,-0.57324,0.05364,0.00555,0.06012,-0.01097,
55500654763292,-0.05764,-0.03896,0.01211,0.80286,0.10157,-0.58438,0.06006,-0.00724,-0.00477,0.04355,
55500754712292,-0.05850,-0.04214,0.01387,0.80232,0.10201,-0.58496,0.06072,-0.01219,-0.04241,-0.00476,
55500854811235,-0.05994,-0.04104,0.01466,0.79757,0.11351,-0.58946,0.05944,0.01114,0.08486,0.02001,
55500954760292,-0.05782,-0.02916,0.01577,0.79066,0.12950,-0.59427,0.07020,0.01047,0.10966,-0.02320,
55501054709264,-0.05537,-0.01632,0.00769,0.79870,0.14033,-0.58003,0.07713,0.05299,0.11978,-0.11278,
55501154658292,-0.05105,-0.00545,0.00244,0.81244,0.12258,-0.56597,0.06774,0.01037,0.06060,0.03043,
55501254757292,-0.05129,0.00074,0.01045,0.80347,0.09519,-0.58405,0.06520,-0.05047,-0.01417,0.04205,
55501354706292,-0.05090,0.00297,0.00513,0.81121,0.07046,-0.57751,0.05877,0.03149,0.01539,-0.12075,
55501454655330,-0.04969,0.00458,-0.00405,0.82186,0.06577,-0.56333,0.05372,-0.04479,-0.01459,-0.03306,
55501554754264,-0.05388,0.00446,-0.00435,0.80581,0.06550,-0.58690,0.04395,-0.02224,-0.00029,0.02593,
55501654703292,-0.05607,0.00270,-0.00192,0.79713,0.05283,-0.59958,0.04795,-0.03019,-0.02207,0.00795,
55501754652292,-0.06204,0.00066,-0.00171,0.79329,0.05487,-0.60400,0.05360,-0.03366,-0.02393,-0.04588,
55501854601292,-0.06567,-0.00141,-0.00267,0.81200,0.03932,-0.58081,0.04201,-0.02433,-0.01135,0.01177,
55501954700264,-0.06490,-0.01189,-0.00176,0.83080,0.04486,-0.55432,0.02225,-0.02104,-0.21418,0.06365,
55502054649259,-0.06797,-0.03441,0.00863,0.81581,0.01697,-0.57655,-0.04186,-0.05562,-0.25165,0.15228,
55502154598263,-0.07129,-0.05864,0.02234,0.78511,-0.01441,-0.61133,-0.09830,0.01260,-0.23043,0.08733,
55502254697263,-0.06676,-0.07818,0.03233,0.77723,-0.04103,-0.61472,-0.12787,0.06889,-0.20547,0.08334,
55502354646292,-0.05673,-0.09711,0.04318,0.77982,-0.05175,-0.60288,-0.16044,0.09656,-0.20604,0.16938,
55502454595292,-0.04697,-0.11434,0.06257,0.76239,-0.06000,-0.61687,-0.18612,0.15227,-0.14749,0.17781,
55502554544263,-0.03514,-0.12756,0.08061,0.76277,-0.05473,-0.61472,-0.19316,0.14720,-0.12110,0.16988,
55502654643268,-0.02577,-0.13817,0.09825,0.76630,-0.05098,-0.60867,-0.19927,0.10384,-0.11063,0.17875,
55502754592263,-0.01949,-0.14695,0.11628,0.75894,-0.06148,-0.61881,-0.19312,0.09500,-0.08511,0.15906,
55502854541292,-0.01093,-0.15227,0.13235,0.75585,-0.06570,-0.62599,-0.18032,0.08629,-0.05797,0.18216,
55502954640292,-0.00260,-0.15412,0.14977,0.74601,-0.07212,-0.64107,-0.16524,0.09286,-0.01395,0.18401,
55503054589292,0.00718,-0.15021,0.16674,0.74061,-0.07675,-0.65229,-0.14185,0.08737,0.06044,0.14749,
55503154538292,0.01639,-0.13999,0.17823,0.73696,-0.07271,-0.66203,-0.11538,0.08198,0.10673,0.11377,
55503254487235,0.02317,-0.12771,0.19165,0.73190,-0.06166,-0.67222,-0.09296,0.06060,0.12290,0.16825,
55503354586292,0.03133,-0.11266,0.20782,0.72687,-0.04401,-0.68087,-0.07837,0.07346,0.17764,0.16051,
55503454535292,0.04164,-0.08508,0.21295,0.72906,-0.02823,-0.68187,-0.05211,0.10319,0.33750,-0.04666,
55503554484259,0.04941,-0.04485,0.19219,0.73476,-0.02361,-0.67747,-0.02462,0.08618,0.42931,-0.33458,
55503654583258,0.05886,0.00317,0.14682,0.75806,-0.01460,-0.65201,0.00458,0.08074,0.52692,-0.53098,
55503754532292,0.06499,0.06409,0.08937,0.78893,-0.00936,-0.61293,0.04255,0.00080,0.69074,-0.56633,
55503854481258,0.05827,0.13880,0.03922,0.80762,-0.00545,-0.58287,0.08938,-0.14767,0.78917,-0.41913,
55503954430263,0.04151,0.21568,0.00650,0.82114,0.02068,-0.55458,0.13322,-0.17096,0.72286,-0.21977,
55504054529292,0.02395,0.27793,0.00758,0.82344,0.05703,-0.54346,0.15279,-0.16003,0.52404,0.27117,
55504154478258,0.01069,0.31874,0.05113,0.80079,0.08760,-0.57359,0.14853,-0.06294,0.25387,0.59918,
55504254427258,0.00784,0.33393,0.11814,0.77602,0.11621,-0.60820,0.11992,0.04447,-0.02188,0.73362,
55504354526292,0.01177,0.32273,0.19316,0.75149,0.14305,-0.64031,0.06923,0.05558,-0.27590,0.75262,
55504454475258,0.02549,0.28930,0.26073,0.72204,0.15136,-0.67498,0.01219,0.07366,-0.44365,0.60487,
55504554424263,0.03940,0.23898,0.30736,0.69319,0.13561,-0.70670,-0.04101,0.12287,-0.60436,0.30867,
55504654373292,0.05883,0.17716,0.32089,0.68664,0.10564,-0.71398,-0.08717,0.19179,-0.69593,-0.02888,
55504754472258,0.08042,0.10992,0.30102,0.69335,0.06465,-0.70594,-0.12934,0.24477,-0.72209,-0.36251,
55504854421292,0.10338,0.04032,0.25402,0.71322,0.01501,-0.68093,-0.16561,0.20666,-0.73225,-0.58769,
55504954370263,0.11575,-0.02839,0.18755,0.73986,-0.03559,-0.64375,-0.19218,0.15132,-0.64646,-0.79161,
55505054469292,0.12063,-0.08821,0.10444,0.77460,-0.09081,-0.59251,-0.20169,0.03896,-0.57485,-0.88844,
55505154418263,0.11045,-0.14801,0.02025,0.80941,-0.13409,-0.53404,-0.20416,-0.12872,-0.54103,-0.77610,
55505254367292,0.09179,-0.21129,-0.04257,0.83354,-0.15954,-0.48227,-0.21718,-0.19029,-0.58279,-0.51621,
55505354316292,0.07628,-0.27485,-0.07422,0.84033,-0.17271,-0.45356,-0.24144,-0.16267,-0.52335,-0.12766,
55505454415292,0.07220,-0.32269,-0.06681,0.82890,-0.19746,-0.46026,-0.24918,-0.03060,-0.34816,0.31242,
55505554364263,0.07308,-0.35195,-0.01884,0.79993,-0.20927,-0.50358,-0.25046,0.03731,-0.16995,0.68284,
55505654313292,0.08210,-0.35279,0.05387,0.76425,-0.19750,-0.56501,-0.24017,0.08951,0.16079,0.81147,
55505754412258,0.08796,-0.31984,0.12924,0.72593,-0.18657,-0.63159,-0.19830,0.03211,0.42707,0.70207,
55505854361258,0.08768,-0.27170,0.18722,0.70169,-0.15110,-0.67863,-0.15576,-0.03870,0.52603,0.49387,
55505954310244,0.08089,-0.21850,0.22379,0.69119,-0.10924,-0.70469,-0.11720,-0.06016,0.56228,0.31224,
55506054259272,0.07268,-0.16105,0.24508,0.68508,-0.08098,-0.71957,-0.07955,-0.12340,0.56586,0.17383,
55506154358282,0.05969,-0.10228,0.25091,0.68291,-0.05572,-0.72684,-0.04724,-0.16041,0.57058,0.01624,
55506254307258,0.05028,-0.04148,0.24071,0.68655,-0.03504,-0.72605,-0.01668,-0.09955,0.56611,-0.16472,
55506354256263,0.04953,0.01276,0.21237,0.70076,-0.01804,-0.71311,0.00938,-0.08403,0.50761,-0.32707,
55506454355291,0.04419,0.06338,0.16762,0.71763,-0.01554,-0.69536,0.03522,-0.07356,0.43229,-0.46146,
55506554304258,0.03777,0.10481,0.11417,0.74180,-0.01601,-0.66798,0.05729,-0.06407,0.36513,-0.52597,
55506654253263,0.02944,0.13816,0.05935,0.76808,-0.01950,-0.63539,0.07711,-0.09250,0.30949,-0.55013,
55506754202263,0.01193,0.16461,0.00389,0.79409,-0.02359,-0.59909,0.09980,-0.14611,0.29472,-0.52762,
55506854301291,-0.00637,0.18971,-0.04109,0.81102,-0.02922,-0.57043,0.12649,-0.16028,0.23723,-0.35339,
55506954250263,-0.01732,0.20679,-0.06181,0.81886,-0.02441,-0.55874,0.12916,-0.09127,0.12757,-0.03437,
55507054199263,-0.02761,0.21688,-0.05021,0.81424,-0.01230,-0.56646,0.12643,-0.03616,0.06678,0.24400,
55507154298263,-0.03258,0.22242,-0.01461,0.79983,0.00280,-0.58861,0.11753,-0.02247,0.02673,0.44413,
55507254247291,-0.03424,0.22439,0.03673,0.77666,0.01782,-0.62072,0.10578,-0.02480,-0.02830,0.57451,
55507354196263,-0.03825,0.22012,0.09830,0.74770,0.03715,-0.65719,0.08760,-0.04546,-0.06996,0.65565,
55507454145291,-0.04398,0.21431,0.16503,0.71317,0.04807,-0.69578,0.07050,-0.09598,-0.07907,0.64955,
55507554244263,-0.05611,0.20973,0.22565,0.67540,0.05721,-0.73303,0.05687,-0.14830,-0.03841,0.50974,
55507654193291,-0.06913,0.21265,0.26579,0.64636,0.06408,-0.75822,0.05664,-0.13590,0.06395,0.25767,
55507754142234,-0.08066,0.22978,0.27767,0.62534,0.06284,-0.77436,0.07335,-0.10716,0.23248,-0.03487,
55507854241263,-0.08626,0.25769,0.25910,0.62464,0.05918,-0.77197,0.10188,-0.00003,0.29443,-0.30113,
55507954190263,-0.08503,0.28426,0.21983,0.64149,0.06030,-0.75395,0.12816,0.03263,0.29447,-0.43988,
55508054139291,-0.08361,0.30883,0.17010,0.65988,0.05212,-0.73216,0.16057,0.01793,0.26177,-0.51420,
55508154238234,-0.07989,0.32483,0.11275,0.68523,0.04101,-0.70241,0.18815,0.08496,0.12914,-0.58162,
55508254187291,-0.07132,0.32593,0.05290,0.72003,0.02966,-0.66415,0.19896,0.12469,-0.01343,-0.56024,
55508354136291,-0.06230,0.31091,0.00076,0.75240,0.01692,-0.62898,0.19494,0.12013,-0.13142,-0.46048,
55508454085263,-0.05400,0.28572,-0.03884,0.77731,0.00422,-0.60019,0.18852,0.11614,-0.25466,-0.32704,
55508554184291,-0.04780,0.24877,-0.06553,0.79739,-0.01063,-0.58074,0.16371,0.09807,-0.34545,-0.18971,
55508654133291,-0.03989,0.20691,-0.07746,0.81062,-0.02138,-0.56982,0.13318,0.11466,-0.43008,-0.05713,
55508754082791,-0.03007,0.16156,-0.07439,0.81748,-0.02860,-0.56731,0.09523,0.10730,-0.45230,0.08853,
55508854181262,-0.01824,0.11731,-0.05621,0.81624,-0.03498,-0.57366,0.05867,0.09910,-0.43618,0.23594,
55508954130262,-0.00856,0.07667,-0.02362,0.80452,-0.04120,-0.59196,0.02535,0.07835,-0.38393,0.37895,
55509054079291,-0.00034,0.04484,0.02184,0.78426,-0.04397,-0.61887,0.00208,0.03415,-0.27756,0.52414,
55509154028291,0.00030,0.02338,0.07999,0.75394,-0.04129,-0.65544,-0.01630,-0.01639,-0.17697,0.59883,
55509254127262,-0.00395,0.01690,0.14067,0.72326,-0.02679,-0.68957,-0.02585,-0.07500,-0.00530,0.60474,
55509354076262,-0.01444,0.02569,0.19734,0.69083,-0.00870,-0.72260,-0.02305,-0.11726,0.16371,0.52222,
55509454025262,-0.02607,0.05254,0.24236,0.66208,0.01435,-0.74926,-0.00687,-0.14742,0.31686,0.38525,
55509554124291,-0.03673,0.09139,0.27080,0.64051,0.03626,-0.76686,0.01874,-0.12697,0.41736,0.19558,
55509654073291,-0.03963,0.13885,0.27804,0.62868,0.05399,-0.77404,0.05199,-0.07008,0.46076,-0.03906,
55509754022262,-0.04045,0.18633,0.25903,0.63386,0.07301,-0.76546,0.08342,-0.00562,0.44908,-0.27463,
55509853971291,-0.03397,0.23166,0.21783,0.65098,0.07869,-0.74597,0.11647,0.05589,0.42093,-0.46097,
55509954070243,-0.02411,0.26575,0.16245,0.67792,0.07225,-0.71712,0.14473,0.11229,0.25863,-0.56647,
55510054019262,-0.01291,0.28405,0.10400,0.70914,0.06493,-0.68295,0.16275,0.11343,0.10766,-0.56801,
55510153968262,-0.00163,0.28801,0.04641,0.73909,0.05120,-0.64841,0.17517,0.11066,-0.04855,-0.51502,
55510254067262,0.00597,0.27281,-0.00174,0.76515,0.04027,-0.61688,0.17997,0.10643,-0.19249,-0.41178,
55510354016291,0.01243,0.23838,-0.03796,0.78606,0.01992,-0.59419,0.16928,0.14427,-0.37551,-0.28996,
55510453965257,0.02483,0.19126,-0.06114,0.80592,0.00147,-0.57546,0.13903,0.17486,-0.48064,-0.16402,
55510553914234,0.03781,0.13649,-0.06605,0.81589,-0.02258,-0.56890,0.10083,0.18568,-0.53362,0.04302,
55510654013262,0.05004,0.08172,-0.04540,0.81257,-0.04049,-0.57869,0.05659,0.14672,-0.52999,0.30839,
55510753962262,0.06110,0.03261,-0.00383,0.79631,-0.05047,-0.60267,0.01140,0.09982,-0.45087,0.47204,
55510853911291,0.06676,-0.00481,0.05159,0.76827,-0.05694,-0.63714,-0.02398,0.00301,-0.31500,0.58253,
55510954010234,0.06711,-0.02731,0.11022,0.74002,-0.04950,-0.66887,-0.05028,-0.03874,-0.14855,0.55746,
55511053959291,0.06232,-0.02527,0.16344,0.70737,-0.04095,-0.70321,-0.05875,-0.10228,0.10352,0.49202,
55511153908262,0.05435,-0.00562,0.20470,0.68257,-0.02642,-0.72873,-0.04842,-0.07646,0.29262,0.32310,
55511253857291,0.04629,0.03208,0.23126,0.66405,-0.00849,-0.74724,-0.02459,-0.11932,0.41603,0.19235,
55511353956257,0.03792,0.07812,0.24197,0.65281,0.01165,-0.75743,0.00065,-0.09786,0.46865,0.04225,
55511453905291,0.02800,0.12812,0.23889,0.64810,0.02940,-0.76051,0.02699,-0.10592,0.46569,-0.06341,
55511553854295,0.02691,0.17780,0.22374,0.65219,0.04053,-0.75537,0.04923,-0.05067,0.43393,-0.16744,
55511653953291,0.02383,0.22298,0.19916,0.66096,0.04152,-0.74625,0.06718,-0.05185,0.38735,-0.22555,
55511753902291,0.01911,0.25984,0.16942,0.66685,0.03969,-0.74031,0.07538,-0.05941,0.31852,-0.27309,
55511853851291,0.01459,0.28628,0.13717,0.67610,0.03821,-0.73180,0.07680,-0.04354,0.21289,-0.29041,
55511953800257,0.01083,0.29911,0.10630,0.68776,0.03261,-0.72173,0.07084,-0.00368,0.06038,-0.32295,
55512053899291,0.00997,0.29808,0.07096,0.69803,0.01269,-0.71267,0.06851,0.04383,-0.05361,-0.31212,
55512153848291,0.00584,0.28152,0.03995,0.70635,-0.00980,-0.70432,0.07001,0.11670,-0.18753,-0.28819,
55512253797229,0.01386,0.25305,0.01680,0.71506,-0.03852,-0.69575,0.05603,0.11220,-0.32584,-0.17494,
55512353896248,0.02396,0.21396,0.00536,0.71598,-0.07091,-0.69340,0.03930,0.14224,-0.44617,-0.08567,
55512453845262,0.03454,0.16222,0.00169,0.71665,-0.09346,-0.69103,0.01224,0.15267,-0.54110,-0.03917,
55512553794262,0.04731,0.10566,0.00402,0.71280,-0.10761,-0.69306,-0.00004,0.16183,-0.57422,0.01569,
55512653743290,0.06340,0.04528,0.01083,0.70622,-0.11958,-0.69780,-0.00486,0.20666,-0.61700,0.06894,
55512753842233,0.08313,-0.01612,0.02067,0.69839,-0.12074,-0.70541,-0.00827,0.20669,-0.60497,0.07728,
55512853791262,0.10340,-0.07332,0.02839,0.69225,-0.11563,-0.71227,-0.00952,0.16639,-0.58375,0.04611,
55512953740257,0.12282,-0.12805,0.03264,0.69161,-0.11179,-0.71332,-0.01911,0.17295,-0.51476,0.01811,
55513053839262,0.14281,-0.17185,0.03324,0.69890,-0.09028,-0.70947,-0.00594,0.14591,-0.39297,0.00299,
55513153788290,0.15634,-0.20832,0.03340,0.68821,-0.07278,-0.72171,0.01452,0.11319,-0.31639,0.00223,
55513253737262,0.16392,-0.23915,0.03232,0.67913,-0.06772,-0.73067,0.01783,0.13166,-0.26542,-0.04985,
55513353686262,0.17782,-0.26354,0.02415,0.68249,-0.05761,-0.72852,0.01240,0.14330,-0.19714,-0.12149,
55513453785290,0.19755,-0.27130,0.00970,0.70161,-0.04250,-0.71109,0.01698,0.15427,-0.11806,-0.12789,
55513553734262,0.20980,-0.27658,0.00256,0.70957,-0.03480,-0.70284,0.03622,0.10380,-0.07660,-0.01449,
55513653683290,0.22368,-0.28504,-0.00000,0.71020,-0.03216,-0.70207,0.04087,0.12832,-0.12753,-0.01252,
55513753782262,0.23437,-0.29606,0.00231,0.70721,-0.02696,-0.70568,0.03369,0.09436,-0.11905,0.05394,
55513853731290,0.24241,-0.30671,0.00630,0.70814,-0.01380,-0.70530,0.02984,0.07709,-0.07283,0.05402,
55513953680257,0.25103,-0.31257,0.01522,0.69858,-0.00084,-0.71362,0.05221,0.10310,-0.06878,0.09854,
55514053623586,0.26203,-0.32408,0.02515,0.69583,0.01659,-0.71490,0.06682,0.09718,-0.12608,0.09753,
55514153709401,0.26692,-0.33749,0.03363,0.69089,0.03000,-0.71844,0.07494,0.04274,-0.14386,0.08760,
55514253645175,0.27348,-0.34907,0.03879,0.68731,0.03478,-0.72050,0.08529,0.04185,-0.12721,0.03071,
55514353581019,0.27801,-0.36064,0.03920,0.68893,0.04166,-0.71842,0.08660,0.05517,-0.11027,-0.02187,
55514453666801,0.28434,-0.36954,0.03618,0.69311,0.04274,-0.71462,0.08420,0.04241,-0.07974,-0.02531,
55514553602608,0.28744,-0.37568,0.03522,0.69342,0.04029,-0.71462,0.08287,0.02903,-0.05038,0.00240,
55514653538415,0.28716,-0.38059,0.03622,0.69211,0.03928,-0.71617,0.08084,0.01825,-0.03852,0.00651,
55514753474188,0.28856,-0.38396,0.03640,0.69142,0.03732,-0.71720,0.07852,0.01400,-0.01880,-0.00365,
55514853559947,0.28973,-0.38452,0.03651,0.69162,0.03783,-0.71727,0.07582,0.00331,0.00466,-0.00142,
55514953495782,0.28903,-0.38391,0.03733,0.69088,0.03782,-0.71803,0.07537,-0.00595,0.01778,0.01213,
55515053437290,0.28882,-0.38195,0.03912,0.68947,0.03872,-0.71947,0.07418,-0.00621,0.01370,0.00945,
55515153536290,0.28737,-0.37997,0.04005,0.68864,0.03881,-0.72038,0.07293,-0.01018,0.01505,0.00177,
55515253485290,0.28442,-0.37931,0.04025,0.68830,0.03775,-0.72070,0.07354,-0.01523,0.00774,0.00133,
55515353434638,0.28308,-0.37935,0.04038,0.68751,0.03733,-0.72165,0.07179,-0.01552,0.00068,-0.00594,
55515453383262,0.28303,-0.37948,0.04009,0.68749,0.03595,-0.72172,0.07203,-0.01942,0.00273,-0.00198,
55515553482290,0.28071,-0.38058,0.04122,0.68625,0.03353,-0.72293,0.07283,-0.02433,-0.00638,0.00457,
55515653431261,0.27983,-0.38127,0.04189,0.68545,0.03232,-0.72369,0.07344,-0.01733,-0.00838,0.00335,
55515753380290,0.27836,-0.38177,0.04213,0.68510,0.03274,-0.72411,0.07232,-0.01690,-0.00361,-0.00302,
55515853479257,0.27782,-0.38165,0.04220,0.68483,0.03270,-0.72428,0.07321,-0.01203,0.00570,-0.00400,
55515953428290,0.27690,-0.38173,0.04253,0.68438,0.03370,-0.72460,0.07380,-0.01237,0.00751,-0.00174,
55516053377257,0.27568,-0.38041,0.04215,0.68448,0.03572,-0.72430,0.07488,-0.00792,0.02068,-0.00726,
55516153326290,0.27718,-0.37724,0.04120,0.68404,0.03776,-0.72436,0.07719,-0.00743,0.03149,-0.00345,
55516253425290,0.27807,-0.37342,0.04197,0.68311,0.03893,-0.72471,0.08148,0.00525,0.03552,0.00935,
55516353374261,0.28057,-0.36900,0.04316,0.68325,0.04119,-0.72417,0.08396,0.00839,0.04899,0.00182,
55516453323257,0.28423,-0.36226,0.04268,0.68448,0.04127,-0.72247,0.08839,0.00938,0.07201,-0.00511,
55516553422257,0.28522,-0.35520,0.04409,0.68357,0.03995,-0.72310,0.09087,-0.02135,0.06915,0.02509,
55516653371290,0.28337,-0.34793,0.04598,0.68236,0.03633,-0.72457,0.08973,-0.00457,0.08766,0.01353,
55516753320261,0.28122,-0.33813,0.04884,0.68152,0.03133,-0.72575,0.08853,-0.01207,0.11153,0.03837,
55516853269261,0.28053,-0.32635,0.05336,0.67983,0.02708,-0.72805,0.08391,0.00095,0.14727,0.03644,
55516953368290,0.28224,-0.30919,0.05744,0.67906,0.02287,-0.72905,0.08269,0.01458,0.20060,0.03666,
55517053317290,0.28560,-0.28838,0.06239,0.67884,0.01654,-0.72944,0.08255,0.02049,0.20099,0.06504,
55517153266290,0.28927,-0.26692,0.07108,0.68033,0.01951,-0.72886,0.07431,0.02515,0.26799,0.10843,
55517253365290,0.29203,-0.23470,0.08592,0.67532,0.01635,-0.73322,0.07785,-0.01741,0.35778,0.16702,
55517353314290,0.29039,-0.19596,0.10221,0.66595,0.01919,-0.74141,0.08034,-0.04100,0.40804,0.15248,
55517453263261,0.28969,-0.14882,0.11661,0.65721,0.02331,-0.74862,0.08429,-0.05694,0.47620,0.15277,
55517553362290,0.28590,-0.09653,0.13182,0.64653,0.02870,-0.75711,0.08926,-0.05606,0.54247,0.13470,
55517653311742,0.28236,-0.04129,0.14437,0.63908,0.04220,-0.76244,0.09207,-0.03700,0.52797,0.09606,
55517753260261,0.28242,0.00891,0.15197,0.63786,0.05799,-0.76300,0.08714,-0.02269,0.50093,0.06651,
55517853209290,0.28236,0.06042,0.15501,0.63521,0.07300,-0.76338,0.09178,-0.00951,0.52441,0.00229,
55517953308256,0.28276,0.11454,0.15319,0.62899,0.08067,-0.76458,0.11529,0.02148,0.53773,-0.03506,
55518053257290,0.29030,0.16524,0.14584,0.62464,0.08404,-0.76382,0.13912,0.10507,0.48203,-0.08799,
55518153206261,0.30258,0.20779,0.13393,0.62564,0.09861,-0.75897,0.15104,0.17197,0.47086,-0.12739,
55518253305261,0.32244,0.25450,0.11857,0.62970,0.10928,-0.75151,0.16358,0.22983,0.53476,-0.15984,
55518353254290,0.34482,0.31017,0.10366,0.63365,0.11945,-0.74361,0.17683,0.22383,0.59305,-0.12515,
55518453203290,0.36417,0.37039,0.09203,0.63201,0.13278,-0.73750,0.19755,0.17289,0.65222,-0.11120,
55518553152290,0.37870,0.43420,0.07874,0.62226,0.14431,-0.73515,0.22698,0.13599,0.66608,-0.15676,
55518653251256,0.39110,0.49822,0.05944,0.62015,0.16037,-0.72594,0.25040,0.10840,0.64289,-0.21483,
55518753200256,0.39465,0.55872,0.03702,0.62473,0.18286,-0.71039,0.26763,0.00087,0.60957,-0.22155,
55518853149304,0.38658,0.61825,0.01406,0.63448,0.20459,-0.68597,0.29160,-0.15379,0.59574,-0.22048,
55518953248232,0.36283,0.67323,-0.00793,0.63854,0.21378,-0.66901,0.31462,-0.27991,0.51821,-0.23073,
55519053197232,0.32691,0.72335,-0.02715,0.64392,0.21834,-0.65182,0.33589,-0.40998,0.46954,-0.15598,
55519153146256,0.28105,0.76751,-0.03409,0.64111,0.22378,-0.64471,0.35107,-0.50118,0.41858,0.04176,
55519253095261,0.23160,0.80998,-0.02051,0.63155,0.23003,-0.65327,0.34852,-0.47067,0.41738,0.21612,
55519353194289,0.18529,0.85481,0.00821,0.62624,0.23839,-0.66460,0.33061,-0.43492,0.41516,0.36442,
55519453143856,0.13971,0.89900,0.04961,0.61677,0.26328,-0.67721,0.30278,-0.44820,0.38651,0.45126,
55519553092289,0.09476,0.93837,0.09311,0.60105,0.29036,-0.69073,0.27805,-0.43967,0.33369,0.43104,
55519653191261,0.05115,0.97757,0.13140,0.58515,0.32040,-0.69871,0.25835,-0.43126,0.39082,0.33613,
55519753140232,0.00808,1.02807,0.15191,0.57174,0.33126,-0.70204,0.26557,-0.42387,0.51874,0.04665,
55519853089289,-0.03255,1.08478,0.14329,0.56606,0.34241,-0.69520,0.28112,-0.38415,0.59965,-0.22585,
55519953038289,-0.06999,1.14771,0.11419,0.57232,0.35079,-0.67537,0.30541,-0.36848,0.66768,-0.36247,
55520053137256,-0.10722,1.21630,0.07434,0.58173,0.35365,-0.64947,0.33869,-0.35430,0.67587,-0.43502,
55520153086289,-0.14479,1.28206,0.03052,0.59282,0.35674,-0.62034,0.36943,-0.36393,0.70223,-0.44146,
55520253035227,-0.18501,1.35014,-0.00834,0.59606,0.35267,-0.59556,0.40699,-0.38657,0.70462,-0.32843,
55520353134289,-0.22611,1.41789,-0.03206,0.59066,0.35126,-0.57666,0.44181,-0.38267,0.69330,-0.12166,
55520453083289,-0.26131,1.48067,-0.02948,0.57683,0.36652,-0.56413,0.46335,-0.33767,0.61483,0.20065,
55520553032289,-0.28638,1.53341,-0.00320,0.55544,0.39323,-0.56643,0.46477,-0.25746,0.49113,0.37260,
55520652981289,-0.30832,1.57328,0.03814,0.53474,0.42280,-0.57655,0.45042,-0.21375,0.37272,0.48455,
55520753080261,-0.32560,1.60617,0.08558,0.51009,0.44713,-0.59500,0.43111,-0.17605,0.27337,0.48449,
55520853029289,-0.33706,1.62454,0.12476,-0.49512,-0.45416,0.61777,-0.40859,-0.09928,0.18860,0.29711,
55520952978261,-0.33964,1.64357,0.13953,-0.49526,-0.43816,0.63905,-0.39288,-0.01317,0.21036,-0.00612,
55521053077261,-0.33345,1.66504,0.12821,0.50549,0.40207,-0.66420,0.37639,0.09287,0.22560,-0.24720,
55521153026261,-0.31317,1.68714,0.09672,0.54860,0.35926,-0.66250,0.36204,0.20527,0.16854,-0.39522,
55521252975261,-0.28945,1.69738,0.06070,0.60320,0.31234,-0.65252,0.33587,0.23433,0.01396,-0.34610,
55521352924256,-0.26581,1.69040,0.03405,0.65135,0.25526,-0.64801,0.30112,0.23373,-0.12150,-0.19080,
55521453023289,-0.24516,1.67152,0.02996,0.68510,0.20604,-0.65089,0.25402,0.15515,-0.24979,0.09842,
55521552972256,-0.23815,1.64262,0.05396,0.68775,0.17343,-0.67571,0.20083,-0.00188,-0.24461,0.34644,
55521652921261,-0.24476,1.62424,0.09570,0.67134,0.14483,-0.70804,0.16433,-0.19997,-0.07994,0.46492,
55521753020256,-0.27403,1.62517,0.14407,0.63677,0.14249,-0.74279,0.14992,-0.42327,0.17049,0.46052,
55521852969289,-0.31844,1.65503,0.18196,0.59884,0.16407,-0.76646,0.16437,-0.52005,0.43911,0.27481,
55521952918261,-0.36774,1.70768,0.19892,0.57012,0.20332,-0.77259,0.19163,-0.53182,0.60066,0.06191,
55522052867289,-0.41625,1.77600,0.19661,0.55720,0.24760,-0.75939,0.22706,-0.54101,0.71050,-0.09608,
55522152966256,-0.46873,1.85572,0.18094,0.55092,0.29050,-0.73436,0.26985,-0.58926,0.75166,-0.18785,
55522252915227,-0.53334,1.93489,0.16254,0.52878,0.32673,-0.71461,0.32089,-0.67541,0.72489,-0.19957,
55522352864260,-0.60377,2.00707,0.14305,-0.49770,-0.36454,0.69320,-0.37267,-0.67768,0.60220,-0.20924,
55522452963256,-0.67333,2.06780,0.12386,-0.47629,-0.40837,0.65566,-0.42011,-0.72337,0.46028,-0.17882,
55522552912289,-0.74946,2.11578,0.10383,-0.44298,-0.44704,0.61739,-0.47197,-0.78212,0.35530,-0.19926,
55522652861289,-0.83126,2.14556,0.08037,-0.40853,-0.48320,0.57181,-0.52216,-0.79724,0.18966,-0.22034,
55522752810289,-0.91364,2.15810,0.05756,0.37878,0.51450,-0.51880,0.56804,-0.79728,0.00130,-0.16167,
55522852909289,-0.99573,2.15642,0.04739,0.34769,0.54940,-0.46462,0.60117,-0.76901,-0.19273,0.02795,
55522952858260,-1.07501,2.13828,0.05532,0.30984,0.59564,-0.40921,0.61787,-0.72891,-0.34390,0.21155,
55523052807289,-1.14713,2.10579,0.08159,0.26691,0.64165,-0.36375,0.62026,-0.62741,-0.40690,0.37196,
55523152906289,-1.20236,2.06356,0.12373,0.23282,0.68510,-0.32238,0.61033,-0.44459,-0.38675,0.48017,
55523252855260,-1.23891,2.02579,0.17019,0.21434,0.72808,-0.28148,0.58713,-0.31833,-0.32446,0.43889,
55523352804294,-1.27149,1.98950,0.19873,0.20466,0.75202,-0.24382,0.57717,-0.38059,-0.21192,0.17205,
55523452753260,-1.30872,1.96598,0.20330,0.20407,0.75306,-0.21569,0.58714,-0.42465,-0.18801,-0.04647,
55523552852260,-1.35175,1.94479,0.19008,0.19216,0.74606,-0.22868,0.59513,-0.48086,-0.11368,-0.21872,
55523652801260,-1.39576,1.93841,0.16349,0.20058,0.72569,-0.23285,0.61557,-0.47112,-0.01264,-0.32616,
55523752750289,-1.43709,1.94013,0.13020,0.21532,0.69647,-0.24869,0.63775,-0.38920,0.04969,-0.35131,
55523852849289,-1.46492,1.94972,0.09649,0.23769,0.66389,-0.27226,0.65470,-0.25191,0.19199,-0.31169,
55523952798289,-1.47650,1.97223,0.07553,0.27020,0.63063,-0.29710,0.66410,-0.10032,0.30179,-0.10112,
55524052748032,-1.47456,2.00170,0.08221,0.30615,0.61127,-0.32777,0.65207,0.01126,0.28844,0.23670,
55524152696289,-1.47017,2.02283,0.12601,0.32455,0.61075,-0.36735,0.62186,0.01826,0.13074,0.59158,
55524252795289,-1.47275,2.02462,0.19062,0.32530,0.63592,-0.39755,0.57597,-0.12614,-0.12272,0.60221,
55524352744846,-1.49947,2.00038,0.23981,0.30587,0.66820,-0.40149,0.54658,-0.38076,-0.37467,0.35467,
55524452693870,-1.55163,1.95654,0.25640,0.27119,0.69974,-0.38845,0.53473,-0.61903,-0.47408,-0.01624,
55524552792289,-1.63058,1.91144,0.23793,0.23103,0.72025,-0.35926,0.54663,-0.87947,-0.46253,-0.30577,
55524652741260,-1.72757,1.86717,0.19792,0.18242,0.72111,-0.32874,0.58194,-0.94712,-0.42201,-0.48635,
55524752690289,-1.82149,1.82005,0.14480,0.13633,0.71707,-0.28498,0.62130,-0.94324,-0.55700,-0.51935,
55524852639289,-1.91262,1.76110,0.09113,0.07214,0.69939,-0.25039,0.66555,-0.82852,-0.65376,-0.49341,
55524952738289,-1.98965,1.69598,0.04378,0.00572,0.68493,-0.21142,0.69724,-0.69401,-0.72122,-0.40729,
55525052687289,-2.04792,1.62121,0.01183,-0.06522,0.67562,-0.16604,0.71534,-0.44581,-0.77728,-0.18909,
55525152636260,-2.08173,1.54807,0.00961,-0.11590,0.68504,-0.11456,0.71004,-0.27966,-0.69082,0.16564,
55525252736031,-2.11134,1.48844,0.03792,-0.13276,0.70154,-0.04874,0.69846,-0.30967,-0.56895,0.40188,
55525352684712,-2.14125,1.43888,0.08712,-0.12143,0.71309,0.02009,0.69019,-0.27349,-0.41880,0.61575,
55525452633260,-2.16636,1.40530,0.15220,-0.08830,0.73993,0.07166,0.66301,-0.23962,-0.29818,0.63913,
55525552582260,-2.19135,1.37185,0.20455,-0.05456,0.75903,0.10834,0.63966,-0.23621,-0.30387,0.39953,
55525652681260,-2.22142,1.33259,0.22641,-0.03271,0.77454,0.11161,0.62174,-0.39433,-0.44386,0.00423,
55525752630289,-2.26487,1.28203,0.20859,-0.03313,0.76850,0.08966,0.63267,-0.54752,-0.53364,-0.36152,
55525852579289,-2.32077,1.23451,0.15945,-0.03900,0.73937,0.05263,0.67010,-0.56733,-0.41263,-0.61400,
55525952678255,-2.36742,1.20371,0.09786,-0.04103,0.70914,0.01868,0.70363,-0.48560,-0.20337,-0.61032,
55526052627288,-2.41210,1.19599,0.04603,-0.03030,0.67371,-0.01991,0.73811,-0.46727,0.04106,-0.40792,
55526152576260,-2.45318,1.20558,0.02304,0.00017,0.65102,-0.05685,0.75693,-0.43333,0.09986,-0.03330,
55526252525288,-2.49169,1.20866,0.04451,0.03358,0.65270,-0.08631,0.75194,-0.33310,-0.04300,0.41790,
55526352624255,-2.50950,1.19252,0.10566,0.07089,0.69201,-0.06546,0.71541,-0.10354,-0.32843,0.70666,
55526452573288,-2.51543,1.14640,0.17681,0.08111,0.74552,-0.01531,0.66135,-0.09125,-0.61323,0.63555,
55526552522465,-2.52383,1.07499,0.23619,0.06784,0.77988,0.04740,0.62043,-0.10068,-0.82849,0.52781,
55526652621288,-2.53002,0.98831,0.28493,0.03883,0.80944,0.10499,0.57643,-0.00785,-0.92363,0.41130,
55526752570288,-2.52897,0.89259,0.31441,-0.00066,0.83366,0.14438,0.53307,0.03308,-1.01980,0.15258,
55526852519260,-2.52894,0.78539,0.31257,-0.06822,0.83389,0.18670,0.51489,0.03083,-1.11484,-0.15899,
55526952618288,-2.52051,0.67888,0.27897,-0.13847,0.82036,0.22145,0.50872,0.12674,-1.07534,-0.44458,
55527052567255,-2.50630,0.57552,0.22267,-0.21423,0.78937,0.24701,0.51961,0.24134,-1.03004,-0.63951,
55527152516231,-2.48132,0.47537,0.15208,-0.28935,0.75557,0.25625,0.52890,0.36182,-0.95994,-0.74138,
55527252465288,-2.44181,0.38475,0.07677,-0.36364,0.70533,0.26379,0.54836,0.49896,-0.85298,-0.71223,
55527352564255,-2.38328,0.30499,0.01560,-0.44099,0.64720,0.26577,0.56216,0.66294,-0.69925,-0.41549,
55527452513288,-2.31594,0.24197,-0.00219,-0.48827,0.60773,0.29441,0.55279,0.72277,-0.58047,0.10076,
55527552462288,-2.24513,0.18318,0.03106,0.50086,-0.59519,-0.34460,-0.52549,0.68271,-0.54551,0.56791,
55527652561260,-2.17229,0.13008,0.09617,-0.48216,0.60079,0.40177,0.49513,0.53686,-0.48315,0.79524,
55527752510255,-2.12956,0.08621,0.17416,-0.44231,0.60153,0.45496,0.48532,0.32693,-0.35398,0.78619,
55527852459288,-2.10083,0.05018,0.24369,-0.40159,0.60052,0.49547,0.48229,0.25086,-0.32241,0.58535,
55527952408288,-2.07880,0.01542,0.28362,-0.37719,0.60341,0.51043,0.48279,0.20431,-0.37524,0.15039,
55528052507288,-2.06265,-0.02312,0.27616,-0.37368,0.60318,0.50858,0.48772,0.26250,-0.56578,-0.31225,
55528152456260,-2.05117,-0.07489,0.23068,-0.39742,0.59019,0.48794,0.50561,0.19059,-0.66672,-0.62061,
55528252405255,-2.04320,-0.14493,0.16055,-0.43135,0.57294,0.44974,0.53236,0.02799,-0.70487,-0.73879,
55528352508650,-2.05682,-0.20806,0.08622,-0.45598,0.54963,0.40627,0.57003,-0.14939,-0.68423,-0.68566,
55528452453231,-2.07879,-0.26653,0.02141,-0.47247,0.53139,0.35567,0.60655,-0.25172,-0.69313,-0.53972,
55528552402855,-2.11283,-0.32243,-0.02130,-0.47434,0.52681,0.31116,0.63298,-0.35382,-0.65091,-0.24346,
55528652351288,-2.15809,-0.37287,-0.02597,-0.45013,0.52889,0.28695,0.65978,-0.48051,-0.57747,0.18803,
55528752450260,-2.20971,-0.43200,0.01368,-0.40409,0.54112,0.28626,0.67967,-0.41966,-0.57054,0.57683,
55528852399255,-2.24599,-0.48824,0.08313,-0.36417,0.57934,0.29059,0.66881,-0.23041,-0.52642,0.79170,
55528952348259,-2.26321,-0.53225,0.16370,-0.33252,0.60485,0.30233,0.65740,0.01981,-0.42466,0.82470,
55529052451086,-2.24386,-0.57016,0.23678,-0.32281,0.62420,0.31885,0.63601,0.40183,-0.37611,0.59953,
55529152409144,-2.19108,-0.61117,0.27831,-0.32867,0.64629,0.33333,0.60264,0.56138,-0.40879,0.20921,
55529252367296,-2.12344,-0.66058,0.27889,-0.34912,0.63255,0.35925,0.59070,0.77050,-0.46359,-0.15657,
55529352325392,-2.03871,-0.71554,0.24241,-0.38963,0.62269,0.36346,0.57301,0.93200,-0.55460,-0.54268,
55529452433501,-1.93683,-0.77095,0.17712,-0.45659,0.59063,0.36262,0.55785,1.08848,-0.43103,-0.72532,
55529552391567,-1.82474,-0.81707,0.09591,0.52306,-0.55571,-0.36166,-0.53554,1.21426,-0.34942,-0.81546,
55529652349691,-1.70263,-0.85021,0.01582,0.60540,-0.51265,-0.34117,-0.50426,1.26349,-0.20098,-0.69151,
55529752457748,-1.58253,-0.86193,-0.03391,0.67275,-0.45740,-0.34004,-0.47178,1.15919,-0.02291,-0.22452,
55529852415896,-1.47807,-0.86100,-0.02368,0.70354,-0.41206,-0.37410,-0.44192,0.95333,0.01616,0.48896,
55529952373962,-1.39967,-0.86059,0.05446,0.68681,-0.38949,-0.44723,-0.42021,0.62078,-0.00255,1.06488,
55530052328288,-1.35110,-0.85926,0.17180,0.63970,-0.37522,-0.53426,-0.40567,0.29672,0.01131,1.22678,
55530152427259,-1.33084,-0.85776,0.27928,0.58190,-0.35601,-0.61035,-0.40265,0.07629,-0.02928,0.91056,
55530252376288,-1.32395,-0.86367,0.34148,0.52869,-0.35330,-0.65721,-0.40464,0.05533,-0.16307,0.33397,
55530352325255,-1.30478,-0.89512,0.33643,0.51121,-0.35503,-0.66112,-0.41898,0.29959,-0.48531,-0.39198,
55530452424288,-1.26530,-0.95504,0.27576,0.54131,-0.35827,-0.62137,-0.43878,0.33912,-0.72756,-0.75483,
55530552373231,-1.23679,-1.03923,0.19259,0.57124,-0.33289,-0.57345,-0.48376,0.20850,-0.80191,-0.83123,
55530652322288,-1.21981,-1.11153,0.11239,0.59379,-0.33672,-0.51438,-0.51908,0.10091,-0.66915,-0.69393,
55530752271226,-1.21328,-1.17843,0.04562,0.60885,-0.36011,-0.45710,-0.53915,-0.00783,-0.63190,-0.58510,
55530852370288,-1.22352,-1.23987,0.00574,0.61310,-0.37995,-0.40694,-0.56048,-0.08286,-0.62819,-0.17582,
55530952319821,-1.24119,-1.28122,0.02288,0.58972,-0.41127,-0.38790,-0.57673,-0.00960,-0.40746,0.47704,
55531052268288,-1.23345,-1.30737,0.09379,0.54684,-0.45102,-0.41991,-0.56677,0.27202,-0.11627,0.86946,
55531152367254,-1.19352,-1.30838,0.18476,0.50939,-0.47339,-0.47789,-0.53669,0.63850,0.21374,0.89181,
55531252316259,-1.11950,-1.26881,0.26453,-0.49940,0.47904,0.54026,0.47880,0.90153,0.53149,0.61073,
55531352268550,-1.02507,-1.20903,0.30489,0.50656,-0.46681,-0.59556,-0.41327,1.02124,0.63848,0.17731,
55531452214288,-0.92106,-1.14561,0.30290,0.54016,-0.43462,-0.61931,-0.36850,1.05074,0.65840,-0.18059,
55531552313492,-0.81375,-1.07687,0.26869,0.58549,-0.40304,-0.62026,-0.33171,1.03439,0.70722,-0.42891,
55531652263573,-0.70957,-1.00330,0.21524,0.63648,-0.36748,-0.60980,-0.29665,0.99047,0.77094,-0.58662,
55531752211226,-0.61285,-0.92365,0.15229,0.69513,-0.32882,-0.58267,-0.26300,0.87819,0.87313,-0.59991,
55531852310269,-0.53131,-0.83549,0.10014,0.74298,-0.29118,-0.56126,-0.21951,0.71323,0.93812,-0.38716,
55531952259297,-0.46476,-0.74235,0.07804,0.77806,-0.25044,-0.54969,-0.17247,0.59387,0.93010,0.02115,
55532052208288,-0.40726,-0.65183,0.11235,0.78223,-0.20982,-0.57231,-0.12865,0.47155,0.83497,0.64159,
55532152157230,-0.36997,-0.56977,0.19726,0.74923,-0.16559,-0.63309,-0.10212,0.25432,0.69073,1.01553,
55532252256288,-0.35227,-0.50756,0.29540,0.69791,-0.11093,-0.69985,-0.10409,0.13837,0.49608,0.91058,
55532352205254,-0.33306,-0.45684,0.36507,0.65980,-0.06772,-0.74020,-0.11037,0.25160,0.41306,0.47387,
55532452154254,-0.29898,-0.41362,0.38455,0.63620,-0.06319,-0.76069,-0.11228,0.45480,0.39254,-0.07506,
55532552253254,-0.23439,-0.37382,0.34555,0.65837,-0.06484,-0.74289,-0.10233,0.72921,0.29518,-0.58649,
55532652202288,-0.16023,-0.36135,0.26730,0.70340,-0.06908,-0.69809,-0.11460,0.75749,0.06354,-0.84293,
55532752151287,-0.09493,-0.36947,0.18588,0.74725,-0.08874,-0.64578,-0.12930,0.58068,-0.12591,-0.74081,
55532852100287,-0.04265,-0.39695,0.12042,0.77565,-0.12364,-0.59981,-0.15264,0.40423,-0.36030,-0.51679,
55532952199254,-0.00607,-0.44394,0.08253,0.79067,-0.15103,-0.55971,-0.19685,0.27900,-0.50926,-0.14560,
55533052148287,0.01138,-0.50662,0.09617,0.77444,-0.19524,-0.55143,-0.24091,0.16166,-0.54136,0.39523,
55533152097287,0.02687,-0.55214,0.15201,0.73427,-0.22165,-0.57248,-0.28979,0.12143,-0.30037,0.71123,
55533252196287,0.03909,-0.56420,0.23077,0.68163,-0.24285,-0.61449,-0.31433,0.07456,0.11927,0.89033,
55533352145259,0.05211,-0.53604,0.31691,0.63075,-0.25175,-0.66705,-0.30631,0.14067,0.53420,0.82619,
55533452094254,0.07174,-0.47014,0.38798,0.59952,-0.25931,-0.71045,-0.26190,0.24219,0.86733,0.53390,
55533552043254,0.10206,-0.37724,0.41825,0.58801,-0.24563,-0.74073,-0.21265,0.41272,1.05243,0.07013,
55533652142259,0.14640,-0.27183,0.40273,0.61327,-0.21903,-0.73993,-0.16861,0.43552,1.07944,-0.35275,
55533752091259,0.19304,-0.15994,0.35627,0.65097,-0.18621,-0.72443,-0.12946,0.42786,1.13242,-0.54234,
55533852040287,0.23273,-0.04986,0.29880,0.69504,-0.16425,-0.69424,-0.08923,0.27554,1.08718,-0.57666,
55533952139287,0.26507,0.05537,0.23885,0.73498,-0.14266,-0.66087,-0.05205,0.19737,1.04143,-0.56560,
55534052088287,0.28196,0.15525,0.18818,0.77061,-0.11824,-0.62619,-0.00802,0.03699,0.98746,-0.39482,
55534152037287,0.28411,0.25776,0.16319,0.78777,-0.09164,-0.60740,0.04579,-0.05083,1.07808,-0.04065,
55534251986254,0.26843,0.37006,0.17677,0.77378,-0.05679,-0.62173,0.10724,-0.12264,1.05567,0.39363,
55534352085259,0.24766,0.45992,0.23375,0.73834,0.00469,-0.66031,0.13720,-0.16042,0.70995,0.74986,
55534452034259,0.24012,0.51874,0.30972,0.70165,0.07842,-0.69741,0.12313,-0.05201,0.49498,0.78525,
55534551983287,0.24144,0.56778,0.37575,0.67443,0.14318,-0.71731,0.10055,0.05149,0.44411,0.57192,
55534652082554,0.24840,0.62157,0.40892,0.64576,0.17423,-0.73818,0.08795,0.13474,0.53232,0.12590,
55534752031259,0.27795,0.69379,0.39143,0.64239,0.18085,-0.73666,0.10938,0.35839,0.74597,-0.36286,
55534851980287,0.32419,0.76468,0.33179,0.66992,0.15344,-0.71217,0.14310,0.49819,0.62056,-0.66671,
55534951929254,0.37430,0.81102,0.25946,0.70817,0.12944,-0.67346,0.16793,0.52988,0.35527,-0.71308,
55535052028287,0.42769,0.83058,0.18775,0.74719,0.08939,-0.63535,0.17335,0.57865,0.05730,-0.61228,
55535151977225,0.48505,0.82607,0.14023,0.78178,0.04420,-0.60311,0.15207,0.59104,-0.18730,-0.24280,
55535251926287,0.53733,0.80707,0.13975,0.79401,0.00675,-0.59924,0.10211,0.44626,-0.23202,0.31915,
55535352025287,0.55861,0.79158,0.19605,0.77701,-0.00012,-0.62829,0.03876,0.11996,-0.05872,0.74733,
55535451974287,0.54597,0.79676,0.28042,0.73459,0.01729,-0.67829,0.00080,-0.27285,0.25584,0.86780,
55535551923254,0.50278,0.83341,0.35932,0.67402,0.03034,-0.73809,0.00069,-0.55807,0.54307,0.65374,
55535651872287,0.43956,0.90002,0.40086,0.62874,0.05228,-0.77538,0.02702,-0.64557,0.84477,0.20975,
55535751971258,0.37419,0.99520,0.39588,0.61882,0.08076,-0.77837,0.06848,-0.63316,1.06882,-0.25576,
55535851920287,0.30817,1.10706,0.35427,0.63003,0.10149,-0.75973,0.12476,-0.72114,1.13713,-0.53892,
55535951869287,0.23545,1.22010,0.29221,0.65291,0.11691,-0.72220,0.19612,-0.78466,1.07733,-0.67104,
55536051968254,0.15373,1.32255,0.22809,0.67491,0.13536,-0.67579,0.26358,-0.89514,0.93756,-0.60366,
55536151917254,0.06098,1.41118,0.17774,0.68469,0.16000,-0.62880,0.33199,-1.00474,0.78696,-0.39036,
55536251866287,-0.03872,1.48575,0.15713,0.67739,0.19510,-0.58568,0.40007,-1.04711,0.62371,0.06275,
55536351815287,-0.14058,1.54008,0.18500,0.63119,0.25106,-0.58300,0.44573,-0.91056,0.43671,0.49644,
55536451914258,-0.22168,1.57376,0.24930,0.58382,0.32975,-0.58843,0.45185,-0.61385,0.27049,0.73340,
55536551863287,-0.27306,1.59963,0.32041,0.55995,0.40632,-0.58331,0.42557,-0.35026,0.24055,0.65351,
55536651812254,-0.30586,1.63056,0.36984,0.55639,0.46992,-0.56321,0.39037,-0.24507,0.34244,0.34941,
55536751911287,-0.33153,1.68055,0.38263,0.55849,0.49320,-0.55172,0.37476,-0.24299,0.59549,-0.10220,
55536851860254,-0.35769,1.74719,0.35405,0.57160,0.48024,-0.53932,0.38959,-0.26851,0.73602,-0.42286,
55536951809287,-0.37762,1.82728,0.29863,0.58248,0.44353,-0.53114,0.42648,-0.13295,0.77129,-0.62671,
55537051908287,-0.37591,1.90229,0.23373,0.60806,0.38963,-0.51644,0.46016,0.16273,0.69388,-0.60065,
55537151857287,-0.34590,1.96394,0.18237,0.64124,0.33288,-0.51026,0.46651,0.40512,0.57649,-0.33831,
55537251806258,-0.30395,2.00715,0.17282,0.67599,0.29465,-0.51185,0.44071,0.46176,0.39526,0.17652,
55537351755253,-0.27152,2.03391,0.21501,0.69645,0.29599,-0.52842,0.38487,0.23649,0.19618,0.66349,
55537451854258,-0.26862,2.04356,0.29269,0.67369,0.32771,-0.57566,0.32767,-0.18192,0.04305,0.85531,
55537551803253,-0.30625,2.04166,0.37227,0.62657,0.37045,-0.62056,0.29168,-0.62210,-0.02704,0.71815,
55537651752253,-0.38563,2.03817,0.42567,0.56541,0.41821,-0.64845,0.29143,-0.95967,-0.00020,0.32793,
55537751851263,-0.48747,2.04550,0.43269,0.52463,0.46167,-0.63768,0.32401,-1.09370,0.13086,-0.15251,
55537851800287,-0.60304,2.06293,0.39935,0.50009,0.47322,-0.61809,0.37940,-1.21479,0.15815,-0.48016,
55537951749258,-0.72378,2.07544,0.33892,-0.48178,-0.47044,0.59220,-0.44258,-1.21640,0.08086,-0.70229,
55538051698287,-0.84684,2.08122,0.26415,-0.47336,-0.45123,0.55016,-0.51927,-1.25174,-0.02926,-0.75001,
55538151797253,-0.96844,2.06985,0.19578,0.45271,0.43091,-0.50973,0.59122,-1.20821,-0.27387,-0.59283,
55538251746482,-1.08545,2.03565,0.14983,0.41225,0.43673,-0.46741,0.64873,-1.12855,-0.41595,-0.32592,
55538351695258,-1.19123,1.98899,0.13692,0.37144,0.46012,-0.41661,0.69048,-0.92433,-0.51201,0.09784,
55538451794287,-1.27295,1.94056,0.16761,0.33363,0.51005,-0.37022,0.70106,-0.71545,-0.46929,0.57050,
55538551743253,-1.33708,1.89816,0.23554,0.29752,0.57794,-0.33071,0.68417,-0.51415,-0.36054,0.77456,
55538651692253,-1.37698,1.87212,0.31531,0.27837,0.64634,-0.29410,0.64672,-0.32337,-0.17721,0.76455,
55538751641287,-1.41289,1.86367,0.37902,0.28138,0.69319,-0.25433,0.61289,-0.30319,0.02800,0.46770,
55538851740287,-1.45196,1.87604,0.39992,0.29515,0.71700,-0.22283,0.59089,-0.43090,0.20395,-0.06225,
55538951689258,-1.50282,1.90809,0.36639,0.30871,0.69737,-0.19521,0.61666,-0.60392,0.36884,-0.54320,
55539051638253,-1.55744,1.95273,0.30255,0.32888,0.65296,-0.19314,0.65435,-0.50411,0.54607,-0.77214,
55539151737258,-1.59706,2.01463,0.22546,0.36638,0.58520,-0.19414,0.69686,-0.29491,0.65315,-0.72826,
55539251686287,-1.61396,2.08015,0.16587,0.40778,0.52845,-0.21691,0.71233,-0.06128,0.64655,-0.39203,
55539351635258,-1.61034,2.14097,0.14845,0.44805,0.49709,-0.24258,0.70236,0.06092,0.54282,0.10149,
55539451584286,-1.60337,2.18411,0.18730,0.47994,0.50787,-0.26568,0.66418,0.00030,0.29784,0.67681,
55539551683286,-1.60823,2.19592,0.27082,0.47905,0.56729,-0.28275,0.60724,-0.17514,-0.07551,0.93393,
55539651632253,-1.63543,2.16568,0.35872,0.44810,0.63911,-0.28344,0.55714,-0.38551,-0.47731,0.81526,
55539751581258,-1.68544,2.10623,0.42569,0.39442,0.69325,-0.27301,0.53787,-0.63293,-0.71365,0.47036,
55539851680253,-1.75457,2.02854,0.45238,0.33596,0.72509,-0.26245,0.54083,-0.79904,-0.81001,0.02556,
55539951629253,-1.84351,1.94995,0.43068,0.28757,0.71980,-0.23671,0.58580,-0.94853,-0.87299,-0.38058,
55540051578286,-1.93512,1.85856,0.37675,0.23597,0.69486,-0.22478,0.64106,-0.90751,-1.00022,-0.64581,
55540151527253,-2.01780,1.76237,0.29974,0.18499,0.65188,-0.20572,0.70606,-0.78503,-1.06686,-0.84007,
55540251626253,-2.08287,1.65573,0.21429,0.12219,0.59651,-0.18461,0.77147,-0.53984,-1.11929,-0.77968,
55540351575301,-2.12978,1.54684,0.15055,0.05876,0.55060,-0.14974,0.81913,-0.33600,-1.09416,-0.40097,
55540451524286,-2.15931,1.44671,0.13960,0.00854,0.53970,-0.10186,0.83563,-0.23782,-0.86901,0.15332,
55540551623258,-2.18552,1.37430,0.18695,-0.01129,0.56758,-0.05923,0.82111,-0.22629,-0.56296,0.73724,
55540651572253,-2.20904,1.32434,0.27286,-0.00364,0.62156,-0.00780,0.78332,-0.15905,-0.27894,0.94949,
55540751521286,-2.22442,1.29362,0.35945,0.02188,0.67683,0.06154,0.73324,-0.14885,-0.11700,0.74448,
55540851470253,-2.25047,1.27777,0.40845,0.03982,0.70277,0.11097,0.70158,-0.35197,-0.08129,0.23861,
55540951569253,-2.31347,1.26936,0.40252,0.05908,0.70128,0.11095,0.70172,-0.67133,-0.05350,-0.31155,
55541051518286,-2.40290,1.26324,0.34773,0.07609,0.66007,0.08691,0.74227,-0.83313,0.04247,-0.65119,
55541151467258,-2.48710,1.27440,0.27326,0.09676,0.60512,0.02689,0.78977,-0.75319,0.14202,-0.81620,
55541251566286,-2.55444,1.30299,0.19781,0.11396,0.55348,-0.02109,0.82476,-0.56150,0.37470,-0.62754,
55541351515253,-2.59865,1.34592,0.15694,0.14824,0.51676,-0.05106,0.84165,-0.38902,0.44701,-0.12162,
55541451464286,-2.63063,1.38346,0.17240,0.17707,0.52634,-0.08084,0.82770,-0.29743,0.34759,0.47583,
55541551413286,-2.65222,1.40826,0.23807,0.20410,0.57970,-0.09323,0.78333,-0.13586,0.11945,0.86718,
55541651512253,-2.64461,1.40660,0.33310,0.21617,0.65064,-0.07716,0.72387,0.05673,-0.20983,0.98145,
55541751461286,-2.62613,1.36967,0.42385,0.19831,0.71606,-0.05050,0.66736,0.09501,-0.52321,0.76549,
55541851410286,-2.61403,1.30811,0.48497,0.16171,0.75042,-0.01392,0.64072,0.09220,-0.72024,0.43887,
55541951509258,-2.60719,1.22644,0.51103,0.11626,0.76538,0.00578,0.63296,-0.03734,-0.93477,0.02525,
55542051458258,-2.61584,1.12279,0.49603,0.04530,0.75588,0.02658,0.65260,-0.06817,-1.11581,-0.27988,
55542151407286,-2.61638,1.00299,0.45484,-0.01493,0.74892,0.02966,0.66183,-0.00052,-1.29849,-0.51650,
55542251356253,-2.61084,0.86850,0.39184,-0.09286,0.71041,0.04289,0.69632,0.14491,-1.39123,-0.66766,
55542351455286,-2.58923,0.73454,0.32248,-0.16350,0.66145,0.06594,0.72897,0.37519,-1.30025,-0.66990,
55542451404286,-2.54327,0.60542,0.25869,-0.22901,0.59044,0.09750,0.76774,0.61140,-1.22440,-0.52579,
55542551353253,-2.47068,0.48911,0.22953,-0.30104,0.54773,0.13488,0.76888,0.75450,-0.99921,-0.01980,
55542651452286,-2.39954,0.40673,0.25159,-0.34518,0.54340,0.19010,0.74124,0.61602,-0.69066,0.46979,
55542751401257,-2.34527,0.34472,0.31415,-0.36275,0.55561,0.25615,0.70292,0.51809,-0.46309,0.80915,
55542851350310,-2.30569,0.31153,0.39479,-0.35186,0.58346,0.32453,0.65609,0.35262,-0.26259,0.84531,
55542951299286,-2.28299,0.29376,0.47446,-0.32073,0.59456,0.39658,0.62157,0.16456,-0.09971,0.76125,
55543051398286,-2.27154,0.28174,0.53856,-0.28424,0.60623,0.44557,0.59427,0.04004,-0.15840,0.48640,
55543151347253,-2.27097,0.25166,0.56494,-0.26425,0.62112,0.45922,0.57749,-0.03469,-0.32221,0.12103,
55543251296257,-2.28159,0.20802,0.54867,-0.26142,0.63204,0.44494,0.57812,-0.13721,-0.61988,-0.31238,
55543351395286,-2.29691,0.16105,0.49980,-0.28238,0.62688,0.40860,0.60028,-0.27691,-0.70490,-0.54855,
55543451344224,-2.33393,0.10161,0.43597,-0.29957,0.60878,0.36397,0.63810,-0.39060,-0.54649,-0.57132,
55543551293286,-2.37624,0.05620,0.37639,-0.30647,0.60403,0.31476,0.66495,-0.44690,-0.49158,-0.58351,
55543651242286,-2.42173,0.01233,0.31815,-0.32793,0.58652,0.26083,0.69313,-0.48591,-0.37463,-0.55406,
55543751341286,-2.47632,-0.01692,0.26444,-0.32735,0.57469,0.20540,0.72137,-0.65336,-0.24630,-0.43358,
55543851290257,-2.53948,-0.02987,0.24143,-0.29669,0.54921,0.16858,0.76284,-0.62942,-0.08394,0.01146,
55543951239252,-2.59212,-0.03617,0.27121,-0.24949,0.55938,0.15490,0.77515,-0.39753,-0.07017,0.51869,
55544051338286,-2.62191,-0.04430,0.33104,-0.20314,0.59785,0.15643,0.75950,-0.10010,-0.11514,0.71434,
55544151287252,-2.61690,-0.05838,0.40632,-0.16945,0.64212,0.17397,0.72712,0.23004,-0.17300,0.77717,
55544251236286,-2.57950,-0.08197,0.47415,-0.15642,0.68079,0.20104,0.68676,0.54886,-0.30530,0.57260,
55544351185286,-2.51161,-0.12531,0.51415,-0.17615,0.71416,0.21908,0.64105,0.76721,-0.51078,0.21504,
55544451284286,-2.42775,-0.18912,0.51568,-0.21954,0.71914,0.23649,0.61539,0.93434,-0.74429,-0.15318,
55544551233519,-2.32922,-0.27165,0.48330,-0.28256,0.70839,0.24370,0.59913,1.04375,-0.84521,-0.44500,
55544651182252,-2.22162,-0.35387,0.42868,-0.34742,0.67711,0.24755,0.59962,1.17288,-0.75932,-0.58558,
55544751281295,-2.10134,-0.42356,0.36678,-0.41764,0.64653,0.25217,0.58650,1.26881,-0.61277,-0.62379,
55544851230257,-1.97852,-0.47515,0.30633,-0.49288,0.61063,0.25623,0.56440,1.22974,-0.40122,-0.55565,
55544951179286,-1.85786,-0.50527,0.26018,0.56122,-0.55993,-0.27486,-0.54402,1.14905,-0.17142,-0.32837,
55545051128286,-1.74448,-0.51557,0.24686,0.62023,-0.50720,-0.31091,-0.51127,1.01721,-0.02966,0.15690,
55545151227252,-1.65787,-0.51944,0.28385,0.63623,-0.47384,-0.37822,-0.47711,0.69935,-0.01035,0.55074,
55545251176286,-1.59031,-0.51934,0.34768,0.62246,-0.44653,-0.45692,-0.45207,0.36347,-0.05769,0.74391,
55545351125286,-1.55718,-0.53300,0.41449,0.58897,-0.41199,-0.52952,-0.45054,0.07042,-0.21106,0.62161,
55545451224286,-1.53696,-0.56901,0.45517,0.55807,-0.39129,-0.57164,-0.45681,0.06587,-0.51402,0.15764,
55545551173257,-1.52146,-0.63370,0.44132,0.55796,-0.37927,-0.55697,-0.48437,0.05905,-0.71044,-0.38869,
55545651122286,-1.52610,-0.70747,0.38714,0.57668,-0.38003,-0.50348,-0.51915,-0.11465,-0.78792,-0.68653,
55545751071286,-1.55843,-0.78030,0.31800,0.58795,-0.37451,-0.43781,-0.56779,-0.35002,-0.72683,-0.71389,
55545851170286,-1.60710,-0.84593,0.25173,0.59005,-0.37724,-0.37099,-0.60984,-0.51758,-0.61641,-0.60431,
55545951119286,-1.66717,-0.90252,0.20460,0.57818,-0.38756,-0.30574,-0.64964,-0.68497,-0.50638,-0.28564,
55546051068281,-1.73551,-0.93736,0.20415,0.52927,-0.39418,-0.28057,-0.69698,-0.59861,-0.31679,0.26949,
55546151167285,-1.77866,-0.95592,0.26130,-0.47253,0.43130,0.29213,0.71089,-0.20884,-0.17585,0.76953,
55546251116252,-1.78053,-0.96440,0.35298,-0.42705,0.48276,0.33730,0.68615,0.20859,-0.05476,0.93751,
55546351065257,-1.74060,-0.96778,0.44190,-0.39837,0.51450,0.40193,0.64425,0.62964,-0.00322,0.79000,
55546451164257,-1.66029,-0.96703,0.50797,-0.40890,0.52055,0.45680,0.59427,0.98934,-0.01918,0.52042,
55546551113285,-1.55031,-0.96776,0.54198,-0.43692,0.52707,0.49163,0.53814,1.23692,0.03646,0.14462,
55546651062257,-1.41664,-0.96225,0.53450,-0.49191,0.50994,0.50962,0.48814,1.43911,0.10913,-0.26927,
55546751011285,-1.26583,-0.94335,0.49085,0.56269,-0.49065,-0.50419,-0.43410,1.53838,0.28955,-0.57755,
55546851110257,-1.11102,-0.90230,0.41947,0.64063,-0.45934,-0.49085,-0.37103,1.46960,0.52642,-0.77383,
55546951059257,-0.96981,-0.84277,0.33688,0.71285,-0.41386,-0.46983,-0.31596,1.30993,0.73385,-0.78341,
55547051008252,-0.84614,-0.75921,0.26904,0.77962,-0.34986,-0.44826,-0.26241,1.12297,0.99784,-0.46759,
55547151107252,-0.74286,-0.65497,0.24514,0.81791,-0.29301,-0.45551,-0.19411,0.86806,1.10081,0.05238,
55547251056257,-0.66618,-0.54661,0.27228,0.82394,-0.23562,-0.49870,-0.12999,0.59059,1.00616,0.46414,
55547351005223,-0.61522,-0.45334,0.33530,0.81319,-0.17294,-0.54953,-0.08261,0.39014,0.74771,0.78836,
55547450954285,-0.58317,-0.39145,0.41900,0.78466,-0.09915,-0.60815,-0.06811,0.21586,0.42308,0.86950,
55547551053252,-0.56062,-0.35950,0.49228,0.74859,-0.03835,-0.65792,-0.07270,0.23469,0.10279,0.58902,
55547651002252,-0.52500,-0.36210,0.52875,0.72619,-0.02592,-0.68017,-0.09671,0.40719,-0.26226,0.17333,
55547750951285,-0.47533,-0.40296,0.52071,0.72589,-0.04128,-0.67130,-0.14398,0.51806,-0.57601,-0.31375,
55547851050223,-0.42183,-0.47254,0.46211,0.74905,-0.06661,-0.62768,-0.20127,0.48258,-0.69973,-0.75811,
55547950999257,-0.39003,-0.54675,0.37747,0.76954,-0.10097,-0.57871,-0.25042,0.30376,-0.68448,-0.94488,
55548050948285,-0.37196,-0.61375,0.28978,0.79868,-0.15171,-0.51133,-0.27865,0.15437,-0.61794,-0.82497,
55548150897257,-0.36702,-0.68062,0.22453,0.81605,-0.19533,-0.44916,-0.30687,0.04571,-0.70039,-0.46559,
55548250996285,-0.36931,-0.75105,0.21051,0.80902,-0.23828,-0.40793,-0.34972,0.01364,-0.67902,0.20469,
55548350945285,-0.35881,-0.80610,0.26380,0.77074,-0.27654,-0.42650,-0.38415,0.18420,-0.34122,0.87909,
55548450894252,-0.32232,-0.81729,0.36576,0.71903,-0.31152,-0.49294,-0.37811,0.43161,0.21111,1.12868,
55548550993285,-0.27334,-0.77185,0.47127,0.67661,-0.33314,-0.56502,-0.33462,0.60803,0.69408,0.89047,
55548650942285,-0.20467,-0.68821,0.54063,0.65793,-0.31434,-0.62879,-0.27006,0.75416,1.05088,0.45224,
55548750891285,-0.12771,-0.57763,0.56215,0.66722,-0.28244,-0.66335,-0.18711,0.75706,1.23275,-0.03972,
55548850840285,-0.05815,-0.45546,0.53398,0.69953,-0.23902,-0.66277,-0.11940,0.67134,1.31947,-0.46760,
55548950939257,0.00286,-0.31793,0.47548,0.73919,-0.20008,-0.64166,-0.04298,0.49934,1.36558,-0.63680,
55549050888285,0.04047,-0.18491,0.41071,0.77867,-0.15478,-0.60758,0.02378,0.25720,1.35190,-0.62883,
55549150837252,0.05673,-0.04884,0.34978,0.80530,-0.11739,-0.57389,0.09144,0.03639,1.34513,-0.51617,
55549250936228,0.05641,0.07992,0.30537,0.81842,-0.07737,-0.54550,0.16318,-0.13873,1.21253,-0.27182,
55549350885252,0.03829,0.19306,0.28776,0.82403,-0.02142,-0.52220,0.21867,-0.23006,0.98328,0.03352,
55549450834252,0.01036,0.28372,0.31009,0.81880,0.04203,-0.50839,0.26332,-0.19183,0.66361,0.54363,
55549550783285,0.00998,0.33508,0.37901,0.78820,0.10793,-0.54177,0.27125,0.06905,0.24369,0.84452,
55549650882285,0.03609,0.34963,0.45778,0.76373,0.15334,-0.58032,0.23755,0.30059,-0.07576,0.77926,
55549750831223,0.07505,0.33202,0.52176,0.75168,0.17741,-0.60748,0.18567,0.49238,-0.28239,0.49832,
55549850780285,0.13507,0.30205,0.54900,0.75239,0.15955,-0.62502,0.13343,0.64218,-0.40626,0.09813,
55549950879252,0.20390,0.25524,0.53928,0.77223,0.13080,-0.61760,0.07158,0.73878,-0.54055,-0.25516,
55550050828285,0.27808,0.19350,0.49913,0.79782,0.09413,-0.59550,-0.00214,0.73682,-0.65443,-0.50473,
55550150777252,0.34061,0.12282,0.44093,0.82088,0.02459,-0.56683,-0.06522,0.51494,-0.72547,-0.66311,
55550250726252,0.37558,0.04447,0.37367,0.84213,-0.04354,-0.52402,-0.11969,0.27623,-0.84631,-0.71945,
55550350825252,0.39051,-0.04277,0.30810,0.85376,-0.10094,-0.47316,-0.19242,-0.03790,-0.85986,-0.50726,
55550450774285,0.38141,-0.12403,0.27742,0.84751,-0.16112,-0.43892,-0.25125,-0.23143,-0.75667,-0.10218,
55550550723285,0.35603,-0.19773,0.30284,0.81972,-0.21663,-0.43186,-0.30760,-0.35056,-0.59401,0.58212,
55550650822256,0.32052,-0.24104,0.38373,0.76310,-0.27936,-0.47199,-0.34185,-0.28490,-0.15299,0.96295,
55550750771251,0.30303,-0.22956,0.48566,0.71212,-0.33663,-0.52389,-0.32421,-0.09352,0.44616,0.95216,
55550850720251,0.30645,-0.16267,0.56357,0.68189,-0.36610,-0.57084,-0.27411,0.05325,0.89009,0.56796,
55550950669285,0.32922,-0.05792,0.59566,0.68170,-0.33961,-0.60907,-0.22134,0.28887,1.17743,0.13776,
55551050768285,0.36656,0.07348,0.58816,0.70664,-0.29883,-0.62164,-0.15789,0.38001,1.41570,-0.22109,
55551150717318,0.39721,0.22246,0.55354,0.74325,-0.24226,-0.61761,-0.08626,0.23894,1.55092,-0.42438,
55551250666285,0.40492,0.37915,0.50258,0.77054,-0.19983,-0.60525,-0.00254,-0.01320,1.55537,-0.56239,
55551350765256,0.38612,0.52865,0.44179,0.79178,-0.15160,-0.58639,0.07902,-0.29367,1.45619,-0.59994,
55551450714285,0.34268,0.66600,0.38039,0.80259,-0.10317,-0.56289,0.16842,-0.49907,1.28274,-0.53516,
55551550663285,0.28728,0.78042,0.32964,0.81244,-0.03813,-0.52701,0.24648,-0.57137,0.98481,-0.31288,
55551650612256,0.23229,0.87165,0.31862,0.81656,0.04133,-0.49209,0.29894,-0.53582,0.70807,0.23574,
55551750711285,0.18633,0.92896,0.36913,0.79405,0.12656,-0.49808,0.32463,-0.32498,0.28146,0.83066,
55551850660251,0.16526,0.94072,0.46601,0.76057,0.20839,-0.53788,0.29799,-0.08707,-0.16361,1.11776,
55551950609256,0.16249,0.92062,0.56811,0.72053,0.25925,-0.59523,0.24358,0.08789,-0.44352,0.89723,
55552050708285,0.18035,0.88002,0.62680,0.70091,0.26607,-0.63406,0.18946,0.27156,-0.38497,0.34161,
55552150657256,0.21254,0.85777,0.62573,0.70948,0.23337,-0.64639,0.15605,0.34337,-0.16949,-0.27559,
55552250606251,0.24950,0.84803,0.56571,0.74002,0.16666,-0.63238,0.15715,0.40992,-0.18464,-0.81642,
55552350555256,0.29270,0.80571,0.46818,0.79374,0.11973,-0.57910,0.14242,0.43285,-0.60683,-1.07659,
55552450654227,0.33226,0.71641,0.36154,0.84647,0.07137,-0.51577,0.11123,0.26741,-0.91393,-0.99151,
55552550603256,0.35132,0.61351,0.27474,0.87451,0.01396,-0.47709,0.08610,0.14783,-1.06414,-0.73978,
55552650552285,0.36547,0.49956,0.21937,0.89387,-0.04085,-0.44352,0.05127,0.12568,-1.07727,-0.33847,
55552750651256,0.36756,0.38566,0.22438,0.89005,-0.10196,-0.44392,0.01871,0.08964,-0.92222,0.27875,
55552850600284,0.37672,0.30155,0.27607,0.87356,-0.12637,-0.46916,-0.02842,0.12104,-0.51701,0.73162,
55552950549256,0.39322,0.27107,0.36734,0.83634,-0.12599,-0.53015,-0.06000,0.04543,0.00814,1.03564,
55553050498284,0.39964,0.29865,0.46987,0.78713,-0.09701,-0.60575,-0.06398,-0.07337,0.51839,0.96269,
55553150597251,0.39669,0.37834,0.54640,0.74642,-0.05246,-0.66225,-0.03900,-0.09323,0.98535,0.54982,
55553250546251,0.38687,0.49940,0.57660,0.72898,-0.01510,-0.68395,0.02402,-0.21141,1.38156,0.08917,
55553350495284,0.36361,0.64213,0.56335,0.71997,0.00746,-0.68684,0.09925,-0.32743,1.49516,-0.31800,
55553450594256,0.32527,0.78625,0.51487,0.73395,0.05385,-0.65588,0.16805,-0.49460,1.47648,-0.57033,
55553550543284,0.27217,0.92406,0.45127,0.75011,0.08220,-0.61153,0.23793,-0.68559,1.35683,-0.62090,
55553650492284,0.19711,1.04800,0.39300,0.75329,0.09806,-0.57166,0.31007,-0.81866,1.11510,-0.50586,
55553750441284,0.11210,1.15037,0.34605,0.74918,0.11312,-0.53605,0.37226,-0.92021,0.95763,-0.41232,
55553850540284,0.01094,1.24121,0.31015,0.72550,0.12737,-0.50611,0.44863,-1.02522,0.74956,-0.25521,
55553950489256,-0.10178,1.31564,0.29407,0.69346,0.15272,-0.47548,0.51933,-1.05401,0.62951,-0.01295,
55554050438284,-0.20964,1.38161,0.30038,0.66048,0.20137,-0.44148,0.57298,-0.98808,0.52294,0.24110,
55554150537284,-0.30135,1.42869,0.34458,0.62290,0.27279,-0.41688,0.60315,-0.75219,0.39751,0.66835,
55554250486284,-0.36659,1.46878,0.42064,0.59304,0.36283,-0.40592,0.59320,-0.42310,0.36913,0.86907,
55554350435284,-0.39773,1.50536,0.50191,0.57339,0.45036,-0.38968,0.56263,-0.15786,0.34592,0.81568,
55554450384284,-0.41238,1.55123,0.56826,0.55445,0.51605,-0.39168,0.52236,-0.01702,0.48518,0.47776,
55554550483256,-0.42077,1.62060,0.58771,0.55374,0.53486,-0.39660,0.50000,-0.01245,0.70174,-0.13297,
55554650432284,-0.42212,1.70266,0.54067,0.56857,0.49220,-0.40065,0.52340,0.02363,0.73088,-0.68716,
55554750381284,-0.39840,1.78050,0.45150,0.60348,0.42878,-0.38563,0.55068,0.31719,0.65244,-1.04343,
55554850480284,-0.34785,1.83204,0.35738,0.65693,0.34524,-0.36362,0.56305,0.60312,0.40203,-0.83301,
55554950429284,-0.27896,1.86632,0.30259,0.70123,0.27027,-0.37171,0.54503,0.65785,0.27861,-0.19565,
55555050378289,-0.21945,1.89368,0.31855,0.72911,0.24573,-0.39664,0.50068,0.47472,0.19353,0.54506,
55555150327284,-0.20098,1.91791,0.40331,0.71737,0.28084,-0.45457,0.44707,-0.06925,0.14163,1.05450,
55555250426256,-0.23099,1.92789,0.51456,0.66638,0.34296,-0.51789,0.41244,-0.54491,0.06644,1.07519,
55555350375256,-0.30406,1.93422,0.61002,0.60098,0.41762,-0.54995,0.40246,-0.95396,0.09001,0.72845,
55555450324251,-0.41143,1.95304,0.65593,0.54272,0.46777,-0.55025,0.42881,-1.25036,0.24144,0.14365,
55555550423251,-0.54755,1.98586,0.64232,0.50637,0.48424,-0.51373,0.49516,-1.53789,0.29116,-0.38974,
55555650372284,-0.70187,2.00149,0.58546,0.45703,0.48278,-0.48292,0.56994,-1.53271,0.00930,-0.74886,
55555750321284,-0.85384,1.99111,0.50095,0.40793,0.46698,-0.42339,0.66050,-1.46999,-0.22561,-0.87877,
55555850420284,-0.99077,1.95804,0.42510,0.34807,0.43949,-0.36862,0.74150,-1.21943,-0.41185,-0.56045,
55555950369284,-1.10110,1.91830,0.39616,0.29229,0.42849,-0.30799,0.79756,-0.97416,-0.45734,0.10165,
55556050318284,-1.18278,1.87463,0.44767,0.23665,0.47836,-0.27313,0.80036,-0.63607,-0.40127,0.86029,
55556150267251,-1.23478,1.84311,0.54924,0.20586,0.56499,-0.24329,0.76106,-0.32233,-0.16255,1.14068,
55556250366284,-1.25714,1.83781,0.64935,0.22167,0.64860,-0.19001,0.70291,-0.10323,0.08389,0.78330,
55556350315284,-1.27660,1.84676,0.69359,0.23909,0.68929,-0.15566,0.66595,-0.24077,0.20011,0.09443,
55556450264284,-1.31673,1.86575,0.66510,0.25617,0.67317,-0.15067,0.67714,-0.49308,0.34348,-0.53446,
55556550363222,-1.36133,1.91021,0.59384,0.26031,0.62077,-0.16433,0.72102,-0.46794,0.57301,-0.79963,
55556650312251,-1.39715,1.97150,0.50902,0.29238,0.55331,-0.16317,0.76272,-0.29982,0.67239,-0.86652,
55556750261251,-1.41102,2.04497,0.42757,0.32521,0.48437,-0.19316,0.78887,-0.04315,0.80684,-0.79982,
55556850210284,-1.39821,2.12590,0.36293,0.38024,0.41102,-0.19933,0.80421,0.17425,0.88196,-0.46909,
55556950309241,-1.37724,2.21488,0.34634,0.43097,0.36002,-0.22777,0.79547,0.19680,0.90623,0.17922,
55557050258255,-1.36008,2.28901,0.39798,0.48041,0.37518,-0.27090,0.74502,0.09870,0.58815,0.81260,
55557150207255,-1.36397,2.32627,0.49409,0.49624,0.43213,-0.31440,0.68423,-0.11289,0.17999,1.07773,
55557250306227,-1.38604,2.32536,0.59827,0.48137,0.50370,-0.35468,0.62352,-0.31995,-0.25283,0.95679,
55557350255250,-1.43217,2.28563,0.67159,0.43309,0.56412,-0.37468,0.59483,-0.59853,-0.48763,0.49436,
55557450204646,-1.50856,2.23143,0.69083,0.37779,0.58978,-0.36646,0.61249,-0.84574,-0.59780,-0.07223,
55557550153255,-1.60829,2.17115,0.65960,0.32476,0.58139,-0.34908,0.65929,-1.03032,-0.69784,-0.51254,
55557650252284,-1.70625,2.09502,0.59199,0.27434,0.55167,-0.32134,0.71912,-1.01686,-0.89914,-0.76039,
55557750201284,-1.80228,1.99418,0.51215,0.20148,0.51555,-0.30176,0.77625,-0.93636,-1.17847,-0.80624,
55557850150284,-1.88593,1.86977,0.43072,0.12776,0.47225,-0.26082,0.83224,-0.74244,-1.41646,-0.74439,
55557950249284,-1.94570,1.72646,0.36808,0.04449,0.43570,-0.20813,0.87457,-0.47686,-1.48665,-0.43863,
55558050198284,-1.98609,1.58005,0.35282,-0.03356,0.42014,-0.14642,0.89494,-0.29384,-1.33185,0.25098,
55558150147284,-2.00666,1.45902,0.40534,-0.07660,0.46013,-0.06693,0.88200,-0.18181,-0.91815,0.77899,
55558250096284,-2.02385,1.38562,0.50166,-0.08468,0.52713,0.00558,0.84554,-0.17729,-0.40685,1.08186,
55558350195255,-2.04418,1.36169,0.60478,-0.04186,0.59018,0.09285,0.80082,-0.19546,-0.00936,0.96538,
55558450144284,-2.07044,1.35750,0.67570,0.00399,0.63573,0.15730,0.75570,-0.33735,0.02681,0.43749,
55558550093250,-2.12263,1.34707,0.68828,0.03062,0.65717,0.14649,0.73874,-0.60987,0.00006,-0.19250,
55558650192250,-2.20793,1.35085,0.63420,0.04937,0.62169,0.11375,0.77338,-0.89171,0.00586,-0.74515,
55558750141284,-2.29051,1.37329,0.54878,0.08093,0.56005,0.06650,0.82181,-0.75667,0.29243,-0.90798,
55558850090222,-2.34886,1.41716,0.45805,0.12012,0.48614,0.01899,0.86538,-0.48531,0.53442,-0.83233,
55558950039255,-2.38452,1.48187,0.38445,0.17036,0.42672,-0.02636,0.88780,-0.29772,0.71323,-0.61689,
55559050137572,-2.40425,1.55708,0.34671,0.22519,0.38210,-0.07690,0.89296,-0.15359,0.78449,-0.11500,
55559150084773,-2.41658,1.62643,0.36876,0.28915,0.38167,-0.11894,0.86981,-0.14026,0.63415,0.54690,
55559250031978,-2.42254,1.67170,0.45739,0.33776,0.43958,-0.15756,0.81723,-0.06660,0.20484,1.11190,
55559350129143,-2.42894,1.67435,0.58270,0.35377,0.53747,-0.17730,0.74467,-0.01618,-0.28128,1.28146,
55559450076339,-2.43906,1.62693,0.70060,0.32517,0.62849,-0.19648,0.67871,-0.10274,-0.75299,1.02852,
55559550023540,-2.46409,1.53880,0.77825,0.25600,0.67955,-0.19725,0.65861,-0.35178,-1.05734,0.48364,
55559649970774,-2.51123,1.42217,0.79876,0.18066,0.68857,-0.18949,0.67627,-0.47093,-1.31180,-0.07926,
55559750067973,-2.56830,1.28136,0.76005,0.09963,0.67261,-0.18494,0.70955,-0.52026,-1.51754,-0.65863,
55559850015140,-2.61644,1.12819,0.67375,0.00951,0.62495,-0.17090,0.76167,-0.28795,-1.59317,-0.99965,
55559949962341,-2.63169,0.97345,0.57047,-0.07931,0.56590,-0.14849,0.80711,0.03348,-1.47906,-0.99104,
55560050060255,-2.61368,0.83813,0.48010,-0.14183,0.48634,-0.10276,0.85603,0.27286,-1.33523,-0.74211,
55560150009269,-2.57894,0.70875,0.44334,-0.19592,0.42640,-0.03708,0.88228,0.39824,-1.22693,0.08043,
55560249958283,-2.54246,0.59592,0.48787,-0.25402,0.44574,0.02878,0.85788,0.23385,-0.94528,0.76839,
55560349907255,-2.52187,0.51300,0.58545,-0.25617,0.49172,0.11567,0.82414,0.10834,-0.55506,1.15223,
55560450006283,-2.51357,0.46415,0.70138,-0.22335,0.54389,0.21851,0.77882,0.04776,-0.24726,1.14426,
55560549955283,-2.52029,0.44037,0.80254,-0.18411,0.57837,0.30386,0.73435,-0.08004,-0.18676,0.96846,
55560649904283,-2.52742,0.41032,0.89386,-0.13858,0.59459,0.36232,0.70425,-0.08933,-0.18288,0.92489,
55560750003250,-2.53394,0.38926,0.97089,-0.10683,0.64429,0.38304,0.65327,-0.08653,-0.17717,0.59058,
55560849952250,-2.56161,0.35423,0.98527,-0.10163,0.66813,0.36349,0.64121,-0.33310,-0.71387,-0.18729,
55560949901250,-2.59368,0.28289,0.92695,-0.14735,0.64653,0.33960,0.66705,-0.20042,-0.88584,-0.83661,
55561049850283,-2.61423,0.21231,0.80385,-0.22710,0.61757,0.28206,0.69820,-0.13608,-0.81422,-1.34432,
55561149949283,-2.61943,0.14686,0.66765,-0.31417,0.56198,0.20964,0.73588,0.01653,-0.50934,-1.34035,
55561249898255,-2.61201,0.10999,0.54800,-0.38916,0.50829,0.14183,0.75504,0.11012,-0.27614,-1.02382,
55561349847221,-2.59247,0.08420,0.47415,-0.44139,0.45902,0.10419,0.76395,0.27305,-0.33611,-0.37292,
55561449946255,-2.55049,0.04550,0.48540,-0.47453,0.43742,0.12647,0.75332,0.45312,-0.55182,0.55058,
55561549895283,-2.50477,-0.00050,0.57945,-0.47285,0.45914,0.20782,0.72278,0.48496,-0.50493,1.19436,
55561649844283,-2.45290,-0.03855,0.70903,-0.43748,0.49098,0.30404,0.68928,0.53512,-0.30029,1.36294,
55561749793283,-2.39691,-0.05939,0.83022,-0.40621,0.51855,0.38079,0.64893,0.63052,-0.19870,1.12937,
55561849892255,-2.32911,-0.08109,0.92006,-0.38985,0.53679,0.43719,0.60724,0.76865,-0.20733,0.71345,
55561949841221,-2.24265,-0.11276,0.95945,-0.38606,0.56728,0.45059,0.57107,0.93294,-0.46031,0.04951,
55562049790250,-2.14114,-0.18152,0.92577,-0.44776,0.54116,0.43281,0.56510,1.06800,-0.74868,-0.62084,
55562149889255,-2.03500,-0.24982,0.84111,0.52227,-0.51475,-0.38638,-0.55944,1.15549,-0.54122,-0.96745,
55562249838283,-1.92038,-0.29247,0.73488,0.61638,-0.48580,-0.32702,-0.52643,1.16357,-0.20650,-1.04112,
55562349787250,-1.81071,-0.31053,0.63440,0.70228,-0.43350,-0.29676,-0.48044,1.15166,0.09089,-0.80934,
55562449736235,-1.70515,-0.29743,0.56901,0.77550,-0.38286,-0.28674,-0.41206,1.06963,0.25603,-0.36039,
55562549835283,-1.60814,-0.27192,0.57362,0.81829,-0.32035,-0.32816,-0.34653,0.82559,0.11245,0.50101,
55562649784283,-1.54954,-0.27346,0.65949,0.79868,-0.27419,-0.42634,-0.32429,0.34176,-0.23717,1.13750,
55562749733283,-1.53010,-0.30841,0.77262,0.74058,-0.22800,-0.53164,-0.34193,-0.02518,-0.50827,1.07810,
55562849832283,-1.53862,-0.36147,0.85219,0.67822,-0.19375,-0.59935,-0.37850,-0.19917,-0.72779,0.54789,
55562949781250,-1.55424,-0.43433,0.87133,0.63416,-0.20554,-0.60733,-0.43214,-0.22287,-0.96659,-0.15373,
55563049730283,-1.57565,-0.54402,0.82458,0.62612,-0.20957,-0.55967,-0.50083,-0.27992,-1.07174,-0.67669,
55563149679254,-1.61669,-0.64716,0.73583,0.62592,-0.23074,-0.47588,-0.57317,-0.59838,-0.90810,-1.01703,
55563249778221,-1.69146,-0.71882,0.63298,0.60858,-0.23327,-0.38238,-0.65498,-0.87329,-0.52746,-0.93094,
55563349727283,-1.78374,-0.74891,0.54811,0.57639,-0.23567,-0.29577,-0.72440,-1.03317,-0.24531,-0.68018,
55563449676250,-1.88866,-0.75949,0.50610,0.51737,-0.24624,-0.23635,-0.78475,-0.98819,-0.08590,-0.15023,
55563549775250,-1.97347,-0.77173,0.52482,-0.46407,0.28694,0.20164,0.81342,-0.72487,-0.12425,0.48826,
55563649724259,-2.02845,-0.79023,0.60238,-0.40278,0.34567,0.20590,0.82212,-0.32098,-0.11081,1.00030,
55563749673250,-2.03461,-0.80446,0.71092,-0.36044,0.42278,0.23321,0.79809,0.25589,-0.05232,1.16296,
55563849622283,-1.97944,-0.81227,0.81791,-0.35265,0.50674,0.27172,0.73826,0.81371,0.00106,0.98440,
55563949721254,-1.88060,-0.81698,0.89759,-0.37164,0.57562,0.30685,0.66060,1.12790,-0.01346,0.57661,
55564049670249,-1.76118,-0.82713,0.92839,-0.41280,0.58597,0.34115,0.60815,1.27410,-0.17677,0.04981,
55564149619254,-1.62425,-0.84823,0.90750,-0.48069,0.57336,0.34050,0.56943,1.46745,-0.15054,-0.41033,
55564249718249,-1.46996,-0.85819,0.84744,0.55636,-0.56124,-0.32730,-0.51802,1.51949,0.02794,-0.73281,
55564349667254,-1.32391,-0.84460,0.75592,0.64441,-0.50222,-0.31961,-0.47996,1.47254,0.32306,-0.93470,
55564449616283,-1.18744,-0.79264,0.66530,0.73245,-0.45307,-0.29805,-0.41159,1.34438,0.67166,-0.82933,
55564549565283,-1.06520,-0.71211,0.58690,0.81059,-0.39679,-0.28831,-0.31995,1.07966,0.93221,-0.61626,
55564649664297,-0.97150,-0.61404,0.54680,0.86729,-0.31052,-0.30143,-0.24602,0.73012,0.89746,-0.06378,
55564749613249,-0.90733,-0.53675,0.57495,0.88346,-0.20528,-0.35783,-0.22206,0.40095,0.52258,0.60123,
55564849562283,-0.87393,-0.50352,0.65330,0.85972,-0.13750,-0.43803,-0.22384,0.08504,0.07256,0.92834,
55564949661254,-0.87052,-0.52595,0.72921,0.81592,-0.05374,-0.50567,-0.27511,-0.08385,-0.30534,0.60835,
55565049610283,-0.87663,-0.57246,0.76305,0.78134,-0.01635,-0.52993,-0.32926,-0.19821,-0.58973,0.08974,
55565149559283,-0.90083,-0.65273,0.73835,0.76275,-0.01798,-0.50754,-0.40037,-0.35623,-0.82586,-0.47043,
55565249658283,-0.95268,-0.74264,0.68005,0.75451,-0.04407,-0.45409,-0.47178,-0.63643,-0.88259,-0.64534,
55565349607283,-1.03223,-0.83490,0.61670,0.75168,-0.10709,-0.39319,-0.51857,-0.99948,-0.92624,-0.64607,
55565449556283,-1.14498,-0.92103,0.55891,0.71799,-0.13510,-0.33923,-0.59258,-1.21156,-0.81010,-0.51628,
55565549505249,-1.27007,-0.99330,0.52241,0.68211,-0.18051,-0.27748,-0.65203,-1.24762,-0.70228,-0.15235,
55565649604283,-1.39527,-1.05786,0.54158,0.62652,-0.25084,-0.25054,-0.69411,-1.13031,-0.56542,0.52071,
55565749553283,-1.49668,-1.10103,0.62204,0.55652,-0.35141,-0.26787,-0.70360,-0.79156,-0.28567,0.99211,
55565849502283,-1.54895,-1.11145,0.73010,-0.49485,0.45153,0.32073,0.66961,-0.25827,0.06009,1.06564,
55565949601254,-1.55612,-1.09931,0.82531,-0.46912,0.50965,0.38492,0.60994,0.22966,0.24655,0.70467,
55566049550249,-1.51763,-1.08009,0.87439,0.50075,-0.51075,-0.42484,-0.55488,0.58675,0.26657,0.22919,
55566149499283,-1.43812,-1.04895,0.87289,0.54909,-0.50804,-0.44533,-0.49201,0.83434,0.53258,-0.15641,
55566249448283,-1.35578,-0.98331,0.82643,0.61360,-0.48821,-0.45773,-0.41907,0.86182,0.82401,-0.60017,
55566349547282,-1.27402,-0.88729,0.74985,0.68495,-0.44753,-0.45739,-0.34835,0.74461,1.14874,-0.82412,
55566449496282,-1.21901,-0.76302,0.66280,0.75546,-0.39278,-0.44816,-0.27233,0.42612,1.36173,-0.85123,
55566549445287,-1.19610,-0.61691,0.58800,0.81645,-0.33331,-0.43811,-0.17427,0.03632,1.49867,-0.63188,
55566649544254,-1.20839,-0.47250,0.53695,0.85619,-0.27702,-0.43073,-0.06824,-0.22316,1.34252,-0.39092,
55566749493282,-1.23748,-0.34925,0.51421,0.88024,-0.20571,-0.42745,0.01180,-0.31439,1.06279,-0.10013,
55566849442282,-1.26152,-0.25136,0.52513,0.89067,-0.11428,-0.43472,0.06832,-0.25197,0.73714,0.38419,
55566949391254,-1.26692,-0.18951,0.58038,0.88209,-0.02258,-0.46180,0.09027,-0.00785,0.23548,0.73956,
55567049490249,-1.26229,-0.19207,0.65029,0.87367,0.10937,-0.47138,0.05033,0.16671,-0.24209,0.69579,
55567149439282,-1.23751,-0.23128,0.69399,0.85952,0.17354,-0.48069,-0.00720,0.33020,-0.54793,0.21153,
55567249388282,-1.19278,-0.30015,0.68312,0.86939,0.16633,-0.46109,-0.06238,0.44134,-0.80762,-0.37364,
55567349487249,-1.15141,-0.40416,0.64196,0.88324,0.12457,-0.43513,-0.12265,0.35949,-1.20161,-0.44966,
55567449436282,-1.12700,-0.54320,0.60138,0.88486,0.05518,-0.41874,-0.19654,0.15247,-1.47462,-0.35614,
55567549385249,-1.12719,-0.69618,0.56847,0.87543,-0.02312,-0.39790,-0.27343,-0.10423,-1.56131,-0.29508,
55567649334249,-1.15788,-0.84587,0.54583,0.85122,-0.10441,-0.37479,-0.35221,-0.42393,-1.41744,-0.17123,
55567749433249,-1.21771,-0.97466,0.53229,0.81389,-0.17312,-0.34981,-0.43040,-0.73781,-1.17787,-0.11841,
55567849382663,-1.29852,-1.06985,0.52753,0.76275,-0.20740,-0.32501,-0.51919,-0.89495,-0.88258,0.05325,
55567949331249,-1.37543,-1.14749,0.54824,0.69988,-0.24338,-0.30326,-0.59913,-0.89806,-0.54650,0.31903,
55568049430282,-1.44998,-1.18683,0.60829,0.62861,-0.33340,-0.29169,-0.63922,-0.70395,-0.15653,0.75389,
55568149379220,-1.50000,-1.18529,0.70132,0.54843,-0.43715,-0.30569,-0.64395,-0.32800,0.24337,0.92652,
55568249328282,-1.49447,-1.15000,0.78519,-0.48742,0.51689,0.32099,0.62626,0.17141,0.48377,0.65160,
55568349277282,-1.44029,-1.10029,0.82724,-0.47960,0.53584,0.34289,0.60438,0.70380,0.53742,0.15805,
55568449376282,-1.32226,-1.04189,0.81320,0.51946,-0.52630,-0.34661,-0.57709,1.22294,0.53049,-0.33459,
55568549325282,-1.18853,-0.97663,0.75835,0.59463,-0.48331,-0.33457,-0.54853,1.44307,0.71887,-0.68418,
55568649274254,-1.04011,-0.89350,0.67601,0.68064,-0.41869,-0.31849,-0.50989,1.39934,0.93824,-0.82707,
55568749373249,-0.90853,-0.78710,0.59844,0.75922,-0.34492,-0.31054,-0.45627,1.23134,1.12867,-0.74832,
55568849322249,-0.79747,-0.66982,0.53540,0.82674,-0.28996,-0.29137,-0.38410,1.02477,1.17203,-0.52263,
55568949271254,-0.70228,-0.55362,0.49164,0.87493,-0.23510,-0.28478,-0.31325,0.78402,1.06900,-0.34858,
55569049220282,-0.63013,-0.44946,0.46912,0.90798,-0.15660,-0.27838,-0.27121,0.62616,0.96926,-0.10167,
55569149319220,-0.56782,-0.35449,0.46913,0.92387,-0.10031,-0.28996,-0.22875,0.52168,0.81634,0.09981,
55569249268249,-0.51647,-0.27422,0.48461,0.92692,-0.03763,-0.31260,-0.20419,0.42668,0.64119,0.28947,
55569349217282,-0.47898,-0.21201,0.51839,0.91598,0.01485,-0.35298,-0.19018,0.38046,0.45608,0.40390,
55569449316282,-0.44293,-0.17479,0.55845,0.89919,0.04092,-0.39662,-0.18022,0.37074,0.20691,0.46969,
55569549265253,-0.40820,-0.17496,0.59735,0.87351,0.05570,-0.44155,-0.19725,0.29281,-0.15260,0.30293,
55569649214282,-0.38910,-0.21212,0.62187,0.84421,0.08334,-0.46737,-0.24887,0.06710,-0.51428,0.12549,
55569749163253,-0.39492,-0.27039,0.61749,0.81359,0.05947,-0.47338,-0.33234,-0.17985,-0.62835,-0.35921,
55569849262272,-0.42435,-0.33554,0.56927,0.79719,-0.00544,-0.44023,-0.41310,-0.37322,-0.61812,-0.62957,
55569949212534,-0.47504,-0.38833,0.50204,0.78708,-0.08089,-0.37010,-0.48681,-0.63446,-0.40131,-0.61616,
55570049160249,-0.54971,-0.41649,0.45121,0.76602,-0.15412,-0.30577,-0.54403,-0.84134,-0.16005,-0.36320,
55570149259277,-0.63859,-0.42158,0.42997,0.72049,-0.20790,-0.26232,-0.60734,-0.95703,0.07960,-0.04799,
55570249208282,-0.73301,-0.39744,0.44710,0.66045,-0.26468,-0.24483,-0.65864,-0.90462,0.40155,0.33064,
55570349157282,-0.81668,-0.34507,0.48965,0.60245,-0.31479,-0.23707,-0.69409,-0.74025,0.60166,0.42557,
55570449106249,-0.88057,-0.28216,0.54257,0.55413,-0.34966,-0.23856,-0.71677,-0.61710,0.65351,0.49466,
55570549205253,-0.92675,-0.22259,0.58925,0.51731,-0.39691,-0.23093,-0.72217,-0.46877,0.59241,0.41976,
55570649154282,-0.95834,-0.17377,0.62475,-0.49368,0.44146,0.21665,0.71726,-0.31587,0.50054,0.25453,
55570749103248,-0.97804,-0.13996,0.63636,-0.49016,0.44786,0.20571,0.71892,-0.13043,0.32259,-0.05861,
55570849202253,-0.97230,-0.11443,0.62439,0.50932,-0.43523,-0.18796,-0.71822,0.30435,0.21802,-0.20819,
55570949151253,-0.92312,-0.09485,0.60255,0.57761,-0.43812,-0.16078,-0.66975,0.67953,0.19840,-0.37988,
55571049100253,-0.85153,-0.06204,0.55408,0.64452,-0.39301,-0.15719,-0.63674,0.82503,0.36697,-0.58422,
55571149049253,-0.76366,-0.00945,0.50224,0.71057,-0.37322,-0.15436,-0.57617,0.90713,0.63186,-0.49746,
55571249148282,-0.69186,0.06332,0.46435,0.76939,-0.33679,-0.17146,-0.51499,0.65963,0.76589,-0.25277,
55571349097287,-0.64526,0.13749,0.46416,0.80335,-0.28065,-0.20772,-0.48241,0.41679,0.63249,0.23471,
55571449046248,-0.61954,0.18655,0.51020,0.81509,-0.21147,-0.25344,-0.47611,0.25675,0.40839,0.74725,
55571549145282,-0.60761,0.22200,0.61130,0.80385,-0.19581,-0.32632,-0.45717,0.01340,0.27402,1.18483,
55571649094248,-0.61318,0.24723,0.73602,0.77052,-0.22826,-0.40186,-0.43898,-0.12079,0.24275,1.25979,
55571749043248,-0.63356,0.27021,0.85551,0.72870,-0.23907,-0.47033,-0.43662,-0.25018,0.25939,1.09835,
55571848992282,-0.65749,0.29389,0.94397,0.68471,-0.24519,-0.52700,-0.43968,-0.20637,0.28340,0.65743,
55571949091253,-0.66679,0.32058,0.98087,0.65485,-0.25439,-0.55517,-0.44524,-0.04759,0.13221,0.03717,
55572049040253,-0.64967,0.33280,0.95671,0.65726,-0.24275,-0.54241,-0.46355,0.21374,-0.11278,-0.58472,
55572148989282,-0.62605,0.32219,0.88897,0.69010,-0.18711,-0.49687,-0.49180,0.23648,-0.17513,-0.89172,
55572249088248,-0.59269,0.32881,0.80207,0.71611,-0.15590,-0.43271,-0.52502,0.44235,0.20649,-0.75628,
55572349037248,-0.53202,0.37128,0.74093,0.75617,-0.14247,-0.39690,-0.50037,0.73482,0.53749,-0.52808,
55572448986282,-0.45748,0.43123,0.70851,0.80162,-0.09856,-0.37752,-0.45296,0.70606,0.63710,-0.04914,
55572548935253,-0.40559,0.48922,0.74266,0.81283,-0.05962,-0.41088,-0.40858,0.35531,0.52186,0.63398,
55572649034282,-0.38611,0.53568,0.82983,0.79959,-0.03510,-0.47574,-0.36483,-0.00368,0.38193,1.01407,
55572748983282,-0.40540,0.56913,0.93826,0.76125,-0.01986,-0.55623,-0.33273,-0.32990,0.21274,1.01534,
55572848932248,-0.44166,0.57449,1.02141,0.71299,-0.03140,-0.62220,-0.32176,-0.29295,-0.12574,0.50319,
55572949031248,-0.46190,0.54289,1.04352,0.68708,-0.03384,-0.63566,-0.35031,-0.16834,-0.50789,-0.09859,
55573048980253,-0.46988,0.47634,1.00773,0.67618,-0.05943,-0.61118,-0.40708,-0.15863,-0.76823,-0.58604,
55573148929281,-0.47830,0.39024,0.92936,0.68244,-0.08339,-0.55788,-0.46486,-0.19904,-0.91033,-0.95671,
55573248878248,-0.50698,0.30085,0.82777,0.68572,-0.10992,-0.49357,-0.52353,-0.30687,-0.86052,-1.10142,
55573348977248,-0.54309,0.21753,0.71827,0.69888,-0.13949,-0.41642,-0.56454,-0.45106,-0.77807,-1.09677,
55573448926248,-0.59753,0.14499,0.62081,0.70504,-0.15268,-0.33812,-0.60438,-0.61633,-0.67130,-0.83541,
55573548875281,-0.67322,0.07918,0.55996,0.68929,-0.18092,-0.28120,-0.64271,-0.83276,-0.58687,-0.40637,
55573648974248,-0.76538,0.02088,0.54908,0.65554,-0.22262,-0.24269,-0.67956,-0.88447,-0.51338,0.15979,
55573748923248,-0.86045,-0.01816,0.60042,0.60104,-0.29105,-0.23597,-0.70595,-0.81600,-0.26816,0.73788,
55573848872281,-0.93054,-0.03523,0.69833,0.53459,-0.37162,-0.26032,-0.71298,-0.54969,-0.01194,1.11413,
55573948821248,-0.96558,-0.03170,0.81345,-0.47184,0.44756,0.30224,0.69692,-0.11267,0.12569,1.10443,
55574048922319,-0.95200,-0.02433,0.91391,-0.45092,0.50340,0.33941,0.65427,0.34518,0.08152,0.87907,
55574148876688,-0.89804,-0.02637,0.98190,-0.45685,0.54621,0.36087,0.60226,0.67480,-0.08109,0.47996,
55574248831123,-0.81177,-0.04196,1.00701,-0.47410,0.57541,0.36552,0.55725,0.92010,-0.22071,0.05938,
55574348935519,-0.70139,-0.07552,0.98655,0.53281,-0.56993,-0.36300,-0.50943,1.20950,-0.35267,-0.40133,
55574448889921,-0.58020,-0.10811,0.92460,0.60041,-0.55766,-0.34550,-0.45733,1.24298,-0.27618,-0.73166,
55574548844318,-0.46668,-0.13041,0.83823,0.67149,-0.49758,-0.34616,-0.42625,1.09957,-0.13298,-0.96502,
55574648798744,-0.36505,-0.13405,0.74148,0.74545,-0.41107,-0.33536,-0.40355,0.96835,0.11090,-0.85783,
55574748903116,-0.28657,-0.11736,0.68391,0.79033,-0.34640,-0.34102,-0.37296,0.60666,0.16269,-0.31701,
55574848857484,-0.22913,-0.09569,0.67282,0.80583,-0.29946,-0.36440,-0.35802,0.45177,0.20487,0.09913,
55574948811915,-0.18459,-0.08513,0.69967,0.81404,-0.28277,-0.39226,-0.32172,0.19879,0.13401,0.62609,
55575048914248,-0.18124,-0.07342,0.77427,0.77718,-0.26094,-0.47170,-0.32466,-0.31687,-0.06266,0.82036,
55575148863281,-0.21437,-0.08815,0.83279,0.72706,-0.21760,-0.53851,-0.36612,-0.54306,-0.26165,0.41215,
55575248812253,-0.27450,-0.11965,0.85353,0.67777,-0.21101,-0.56121,-0.42561,-0.81579,-0.41542,0.00870,
55575348911281,-0.34789,-0.16089,0.82863,0.63816,-0.21537,-0.54515,-0.49918,-0.73211,-0.44972,-0.51039,
55575448860219,-0.41914,-0.19603,0.75974,0.62989,-0.22911,-0.48152,-0.56470,-0.76025,-0.29678,-0.88539,
55575548809253,-0.49718,-0.21457,0.66524,0.62587,-0.22638,-0.41046,-0.62334,-0.82910,-0.07489,-1.01255,
55575648758253,-0.58642,-0.21518,0.57048,0.62542,-0.22551,-0.33110,-0.66960,-0.96741,0.07266,-0.89234,
55575748857253,-0.69618,-0.19925,0.49407,0.61442,-0.20837,-0.24741,-0.71962,-0.99222,0.12072,-0.57660,
55575848806281,-0.78960,-0.18689,0.47243,0.61372,-0.23842,-0.19029,-0.72822,-0.81585,0.03325,0.00410,
55575948755252,-0.85514,-0.18712,0.51828,0.60412,-0.27376,-0.17533,-0.72757,-0.43913,-0.05338,0.83704,
55576048854252,-0.87690,-0.18540,0.62913,0.59323,-0.33224,-0.21856,-0.69995,-0.00153,0.06637,1.20457,
55576148803219,-0.86091,-0.16764,0.74980,0.59929,-0.35594,-0.28758,-0.65685,0.34327,0.30991,1.16296,
55576248752729,-0.81991,-0.12354,0.86086,0.61035,-0.37260,-0.35317,-0.60325,0.46204,0.56300,1.05717,
55576348701281,-0.77210,-0.06299,0.94894,0.61218,-0.36938,-0.42363,-0.55618,0.50600,0.64272,0.70932,
55576448800324,-0.71497,-0.00263,0.99251,0.62752,-0.33736,-0.47250,-0.51880,0.63508,0.52723,0.15969,
55576548749281,-0.64898,0.04094,0.97431,0.65487,-0.32852,-0.46617,-0.49588,0.63517,0.38793,-0.49220,
55576648698248,-0.59092,0.06910,0.88862,0.69963,-0.28401,-0.43090,-0.49414,0.62167,0.29571,-1.08041,
55576748797252,-0.53764,0.10781,0.76434,0.74843,-0.27349,-0.36281,-0.48315,0.38902,0.39630,-1.31977,
55576848746248,-0.50983,0.14904,0.62075,0.78802,-0.22989,-0.30247,-0.48444,0.14456,0.45176,-1.39363,
55576948695252,-0.50099,0.19790,0.47997,0.81937,-0.20136,-0.23810,-0.48103,0.00158,0.52187,-1.30947,
55577048644281,-0.50492,0.24857,0.35792,0.84018,-0.17081,-0.18782,-0.47921,-0.12663,0.52353,-1.13398,
55577148743248,-0.52018,0.30633,0.25879,0.85662,-0.12736,-0.12963,-0.48289,-0.11687,0.47033,-0.82218,
55577248692281,-0.53390,0.34783,0.18779,0.86848,-0.11055,-0.08600,-0.47553,-0.12491,0.30201,-0.60687,
55577348641281,-0.54359,0.36739,0.13804,0.86971,-0.09380,-0.05945,-0.48091,-0.07237,0.09835,-0.42058,
55577448740281,-0.54481,0.36569,0.10031,0.86782,-0.09538,-0.04924,-0.48515,-0.04687,-0.00137,-0.43697,
55577548689247,-0.54596,0.33778,0.06642,0.86639,-0.09600,-0.00992,-0.48995,-0.04260,-0.20178,-0.28285,
55577648638281,-0.54503,0.30655,0.05950,0.86231,-0.09720,0.00976,-0.49687,0.02036,-0.36055,-0.23736,
55577748587281,-0.55235,0.27219,0.04759,0.85531,-0.10200,0.02117,-0.50754,-0.04532,-0.45466,-0.17406,
55577848686247,-0.56250,0.22282,0.04263,0.83168,-0.09764,0.00894,-0.54654,-0.18402,-0.61883,0.08961,
55577948635281,-0.58423,0.15752,0.07199,0.80452,-0.10907,-0.02099,-0.58345,-0.21286,-0.80756,0.45279,
55578048584286,-0.60790,0.07131,0.13681,0.77975,-0.14943,-0.06161,-0.60487,-0.27082,-0.93127,0.81769,
55578148683252,-0.63997,-0.01903,0.23443,0.73626,-0.19434,-0.11633,-0.63766,-0.37447,-0.81928,1.13240,
55578248632247,-0.67814,-0.08905,0.35582,0.68776,-0.24410,-0.17039,-0.66210,-0.40458,-0.56722,1.29644,
55578348581252,-0.71681,-0.12869,0.48980,0.64367,-0.28741,-0.21394,-0.67625,-0.31401,-0.30398,1.50134,
55578448530281,-0.74663,-0.13464,0.64700,0.59973,-0.34071,-0.27308,-0.67057,-0.19826,0.04918,1.49317,
55578548629281,-0.75482,-0.11472,0.79250,0.58291,-0.35355,-0.32497,-0.65545,-0.00501,0.27846,1.33241,
55578648578281,-0.75464,-0.07760,0.91392,0.58536,-0.35849,-0.35924,-0.63229,0.13041,0.30594,0.98766,
55578748527281,-0.75123,-0.04058,1.01254,0.59353,-0.34746,-0.38830,-0.61337,0.03274,0.44101,0.92472,
55578848626281,-0.75668,0.00376,1.09517,0.57267,-0.35611,-0.42275,-0.60540,0.01269,0.42903,0.63454,
55578948575281,-0.75404,0.04204,1.14259,0.54874,-0.34547,-0.47749,-0.59290,0.14248,0.32595,0.21529,
55579048524281,-0.72553,0.05837,1.13903,0.55324,-0.31812,-0.51135,-0.57554,0.44895,0.03504,-0.34584,
55579148473281,-0.67195,0.05212,1.09108,0.58700,-0.29850,-0.49572,-0.56621,0.70947,-0.14548,-0.70229,
55579248572281,-0.59769,0.04660,1.01699,0.63120,-0.27505,-0.46291,-0.55826,0.87571,-0.02977,-0.84425,
55579348521281,-0.50766,0.05423,0.92619,0.68157,-0.23755,-0.43407,-0.53908,0.96510,0.13121,-0.98497,
55579448470252,-0.42158,0.07848,0.83050,0.72851,-0.20352,-0.39925,-0.51812,0.80183,0.27325,-1.02465,
55579548569219,-0.34993,0.11356,0.72622,0.76818,-0.17211,-0.35877,-0.50155,0.68629,0.39166,-1.08152,
55579648518252,-0.28635,0.16594,0.62504,0.80916,-0.16890,-0.31623,-0.46555,0.59507,0.48427,-1.00064,
55579748467280,-0.23023,0.22450,0.52615,0.84445,-0.17706,-0.28740,-0.41588,0.50002,0.59567,-1.04381,
55579848416247,-0.18728,0.29319,0.42418,0.88370,-0.17072,-0.26555,-0.34556,0.40593,0.70322,-0.98697,
55579948515223,-0.15398,0.37047,0.33637,0.91583,-0.16683,-0.24756,-0.26859,0.32957,0.76608,-0.76588,
55580048464280,-0.11949,0.45079,0.28262,0.94197,-0.14281,-0.23962,-0.18678,0.40914,0.85890,-0.31446,
55580148413252,-0.07361,0.53540,0.28255,0.95453,-0.12015,-0.25655,-0.09284,0.51131,0.86576,0.31679,
55580248512252,-0.02299,0.61919,0.33814,0.94444,-0.08237,-0.31772,-0.01719,0.44565,0.85212,0.75731,
55580348461280,0.01433,0.70761,0.42843,0.92047,-0.03370,-0.38772,0.03577,0.21323,0.90819,1.04466,
55580448410280,0.01654,0.79754,0.54117,0.88440,0.01757,-0.46058,0.07341,-0.14417,0.87080,1.17235,
55580548359247,-0.01262,0.88845,0.65161,0.84435,0.07445,-0.52074,0.10180,-0.47938,0.84074,0.98689,
55580648458247,-0.07697,0.97854,0.73351,0.79995,0.13524,-0.56825,0.13745,-0.76510,0.82740,0.60176,
55580748407247,-0.15036,1.07064,0.76678,0.76779,0.18016,-0.58408,0.19207,-0.77473,0.95806,0.10524,
55580848356252,-0.21902,1.17628,0.75625,0.74613,0.19358,-0.58811,0.24484,-0.65239,1.06106,-0.30824,
55580948455280,-0.27634,1.28832,0.70850,0.75187,0.20968,-0.55512,0.28733,-0.54364,1.14450,-0.58979,
55581048404280,-0.32535,1.39383,0.63918,0.76977,0.24262,-0.48947,0.33016,-0.62861,1.08444,-0.74014,
55581148353280,-0.38489,1.49564,0.55704,0.76863,0.22923,-0.45105,0.39143,-0.67596,1.01563,-0.93513,
55581248302218,-0.44883,1.58181,0.46256,0.75896,0.20126,-0.41114,0.46307,-0.67273,0.84725,-0.94331,
55581348401280,-0.51087,1.65610,0.37127,0.74722,0.16625,-0.37306,0.52426,-0.63020,0.76283,-0.90094,
55581448350247,-0.57577,1.72442,0.29565,0.72770,0.14711,-0.33469,0.58034,-0.62481,0.77504,-0.60529,
55581548299247,-0.64572,1.80895,0.26176,0.69752,0.16132,-0.31530,0.62292,-0.74301,0.92971,-0.07237,
55581648398285,-0.73164,1.90208,0.27715,0.64688,0.20542,-0.32522,0.65847,-0.84687,0.95943,0.38095,
55581748347218,-0.82713,1.98157,0.33688,0.60068,0.26937,-0.33124,0.67594,-0.98121,0.77471,0.76706,
55581848296280,-0.93597,2.04161,0.42053,0.53964,0.34835,-0.34728,0.68326,-1.11942,0.45530,0.82914,
55581948245280,-1.05189,2.06807,0.49937,0.47602,0.42525,-0.33962,0.69081,-1.18635,0.07329,0.71496,
55582048344252,-1.17227,2.05793,0.56316,0.41210,0.50436,-0.31207,0.69167,-1.16198,-0.27288,0.47032,
55582148293247,-1.29035,2.02054,0.58829,0.35128,0.55254,-0.26321,0.70854,-1.20867,-0.49092,0.03469,
55582248242280,-1.41839,1.96461,0.56871,0.28747,0.55567,-0.23119,0.74508,-1.24106,-0.61083,-0.42931,
55582348341280,-1.54248,1.90266,0.50838,0.22655,0.53388,-0.20383,0.78873,-1.20330,-0.66666,-0.72558,
55582448290247,-1.66533,1.83133,0.42660,0.19081,0.48352,-0.16049,0.83907,-1.12402,-0.66058,-0.86267,
55582548239437,-1.77239,1.76844,0.34344,0.15377,0.42692,-0.14618,0.87905,-1.00046,-0.70291,-0.71906,
55582648188251,-1.86093,1.70320,0.28139,0.09791,0.38492,-0.15563,0.90445,-0.80527,-0.64385,-0.48206,
55582748287228,-1.93319,1.64205,0.26185,0.07053,0.36099,-0.13826,0.91956,-0.71402,-0.59432,0.09928,
55582848236280,-2.00280,1.57733,0.30396,0.05072,0.39696,-0.10892,0.90994,-0.70935,-0.64057,0.68001,
55582948185247,-2.06169,1.50601,0.37708,0.02914,0.47029,-0.07508,0.87883,-0.55289,-0.75713,0.75688,
55583048284247,-2.10670,1.41496,0.44115,-0.00611,0.53294,-0.02180,0.84585,-0.42141,-0.89442,0.48646,
55583148233251,-2.13785,1.31733,0.46758,-0.06301,0.56435,0.02456,0.82276,-0.36492,-0.95379,0.06603,
55583248182280,-2.17124,1.20866,0.45468,-0.11913,0.55731,0.07467,0.81831,-0.40338,-1.16962,-0.25867,
55583348131280,-2.21143,1.08573,0.41576,-0.20148,0.55846,0.06410,0.80213,-0.36363,-1.24137,-0.47185,
55583448230280,-2.24614,0.95982,0.36542,-0.29053,0.53113,0.06502,0.79326,-0.24509,-1.13857,-0.57821,
55583548179280,-2.26276,0.84465,0.30940,-0.36913,0.47757,0.07725,0.79354,-0.08538,-0.99989,-0.47430,
55583648128251,-2.26530,0.74080,0.27812,-0.42508,0.44098,0.08893,0.78546,0.02246,-0.93454,-0.08796,
55583748227247,-2.26194,0.63561,0.28635,-0.45129,0.43853,0.12204,0.76755,0.15399,-0.94830,0.34861,
55583848176247,-2.24902,0.52926,0.32885,-0.46173,0.46419,0.17571,0.73516,0.31402,-0.97501,0.53277,
55583948125247,-2.20975,0.42228,0.37421,-0.46362,0.48024,0.24037,0.70474,0.50288,-1.01558,0.35603,
55584048074280,-2.15280,0.30842,0.38797,-0.47322,0.46759,0.29468,0.68599,0.68306,-1.14051,-0.07032,
55584148173280,-2.07648,0.19145,0.36409,0.50708,-0.45760,-0.31578,-0.65860,0.82032,-1.15709,-0.40180,
55584248122280,-1.99794,0.08103,0.32300,0.56941,-0.43278,-0.30358,-0.62954,0.71334,-0.90282,-0.43913,
55584348071280,-1.92907,0.00018,0.28660,0.60883,-0.37911,-0.30430,-0.62690,0.65981,-0.75263,-0.29231,
55584448170280,-1.86124,-0.07509,0.28938,0.64533,-0.34402,-0.30237,-0.61137,0.59323,-0.74674,0.29041,
55584548119280,-1.79997,-0.14906,0.34295,0.63997,-0.33499,-0.35644,-0.59260,0.58905,-0.67728,0.72176,
55584648068251,-1.73878,-0.21560,0.41963,0.63230,-0.34429,-0.40861,-0.56098,0.52606,-0.62021,0.73190,
55584748167280,-1.68043,-0.27339,0.48480,0.61536,-0.32694,-0.47553,-0.53694,0.54677,-0.52102,0.51538,
55584848116251,-1.60764,-0.32520,0.51034,0.61989,-0.31628,-0.51633,-0.49911,0.81470,-0.57640,-0.05755,
55584948065251,-1.50764,-0.38347,0.48183,0.66826,-0.30645,-0.50330,-0.45410,1.05431,-0.60325,-0.54687,
55585048014251,-1.40851,-0.42744,0.41086,0.72594,-0.29449,-0.46569,-0.41162,0.94691,-0.45483,-0.92560,
55585148113218,-1.31771,-0.46510,0.31685,0.78483,-0.26099,-0.41419,-0.37995,0.79277,-0.25511,-0.93120,
55585248062280,-1.23418,-0.47604,0.24863,0.82299,-0.22967,-0.38078,-0.35347,0.86099,0.16467,-0.43044,
55585348011251,-1.14408,-0.43970,0.22608,0.85364,-0.20685,-0.38498,-0.28336,0.92786,0.55116,-0.00094,
55585448110284,-1.05713,-0.37752,0.24474,0.86537,-0.17147,-0.42515,-0.20242,0.81164,0.59471,0.37195,
55585548059251,-0.98033,-0.32290,0.29306,0.85089,-0.12524,-0.48627,-0.15442,0.68287,0.41587,0.54261,
55585648008280,-0.91261,-0.28221,0.33977,0.82506,-0.07959,-0.54100,-0.14233,0.75845,0.31219,0.28728,
55585747957222,-0.83021,-0.24485,0.35177,0.82053,-0.05831,-0.55472,-0.12493,0.87026,0.40121,-0.03292,
55585848056246,-0.74352,-0.19576,0.33038,0.82550,-0.07046,-0.55274,-0.08982,0.85680,0.44444,-0.35402,
55585948005246,-0.67375,-0.15385,0.28897,0.84579,-0.06061,-0.52558,-0.06875,0.63204,0.20773,-0.44248,
55586047954280,-0.61608,-0.13586,0.24908,0.86520,-0.04272,-0.49484,-0.06888,0.54606,0.09177,-0.35314,
55586148053280,-0.56409,-0.12569,0.22256,0.87010,-0.04962,-0.48701,-0.05721,0.48771,0.02949,-0.23689,
55586248002251,-0.51454,-0.11064,0.20827,0.87024,-0.04274,-0.48811,-0.05106,0.47296,0.15281,-0.07207,
55586347951280,-0.46445,-0.09372,0.20355,0.85567,-0.04303,-0.51528,-0.02147,0.51740,0.12837,-0.04280,
55586447900251,-0.40128,-0.08584,0.19727,0.83565,-0.05331,-0.54664,-0.00534,0.67991,-0.07484,-0.06495,
55586547999279,-0.32754,-0.09362,0.19669,0.81622,-0.05988,-0.57455,-0.00924,0.77315,-0.12191,0.02219,
55586647948246,-0.24688,-0.09972,0.20432,0.81504,-0.07919,-0.57397,0.00164,0.74766,0.00789,0.15688,
55586747897246,-0.18055,-0.08805,0.22734,0.78828,-0.07785,-0.60879,0.04395,0.57177,0.12063,0.24083,
55586847996279,-0.12219,-0.07661,0.24009,0.77815,-0.05920,-0.62278,0.05588,0.55366,0.15114,0.06275,
55586947945246,-0.06834,-0.05110,0.23971,0.78734,0.00051,-0.61214,0.07339,0.45912,0.30793,-0.06549,
55587047894989,-0.02757,-0.01651,0.23390,0.79372,0.05340,-0.59997,0.08486,0.32565,0.33577,-0.02130,
55587147843251,0.00625,0.01150,0.23941,0.78907,0.08285,-0.59985,0.10341,0.41485,0.16040,0.10850,
55587247942246,0.04393,0.02661,0.26149,0.78949,0.07391,-0.60337,0.08475,0.31218,0.18822,0.27663,
55587347891251,0.07176,0.04930,0.28017,0.81403,0.03215,-0.57801,0.04721,0.18664,0.23155,0.13909,
55587447840279,0.08062,0.07527,0.29649,0.78609,0.04403,-0.61583,0.02946,0.02015,0.27459,0.13522,
55587547939279,0.08428,0.10506,0.30221,0.77151,0.05837,-0.63203,0.04360,0.04794,0.29090,-0.03076,
55587647888279,0.08119,0.13225,0.30304,0.75940,0.06354,-0.64138,0.08886,-0.08981,0.25598,-0.00042,
55587747837246,0.07087,0.15034,0.30200,0.68795,0.11870,-0.70119,0.14481,-0.07272,0.08209,-0.04047,
55587847786279,0.07692,0.15484,0.28779,0.70919,0.10448,-0.67820,0.16180,0.19618,0.01882,-0.26733,
55587947885251,0.08700,0.15649,0.26728,0.73448,0.05397,-0.65333,0.17546,0.01990,-0.03981,-0.15018,
55588047834246,0.09547,0.15343,0.25728,0.74662,0.03885,-0.64120,0.17295,0.07572,0.02687,-0.07128,
55588147783251,0.10495,0.15529,0.25129,0.75978,0.04881,-0.62404,0.17589,0.07959,-0.00119,-0.03090,
55588247882279,0.10863,0.15729,0.24826,0.75553,0.06230,-0.62997,0.16861,0.06656,0.04123,-0.07627,
55588347831251,0.11159,0.16211,0.24209,0.76361,0.07528,-0.61933,0.16630,0.02342,0.05853,-0.03248,
55588447780246,0.11257,0.16787,0.24285,0.76304,0.08531,-0.61676,0.17346,0.03379,0.05004,0.00459,
55588547729279,0.11245,0.17206,0.24224,0.76813,0.08568,-0.60594,0.18837,-0.01025,0.05315,-0.00663,
55588647828279,0.10726,0.17337,0.24081,0.76040,0.07053,-0.60776,0.21783,-0.01501,-0.00225,-0.04371,
55588747777636,0.10518,0.16901,0.23897,0.75516,0.05600,-0.61385,0.22312,-0.00623,-0.06894,-0.00682,
55588847726274,0.10489,0.16085,0.23832,0.76281,0.03946,-0.61070,0.20881,0.02511,-0.06036,-0.01058,
55588947825246,0.10770,0.15457,0.23903,0.77684,0.01925,-0.59774,0.19710,0.00988,-0.06158,0.02543,
55589047770363,0.10352,0.14713,0.24693,0.77545,-0.00019,-0.60402,0.18393,-0.07394,-0.05378,0.08661,
55589147706931,0.09814,0.14125,0.25259,0.76200,0.00651,-0.62570,0.16674,-0.02769,-0.05113,0.00300,
55589247644042,0.10089,0.14339,0.24697,0.76227,0.01017,-0.62591,0.16452,0.05845,0.05601,-0.09153,
55589347731159,0.10819,0.14755,0.23805,0.78578,-0.00298,-0.59419,0.17167,0.03324,0.03482,-0.04546,
55589447668236,0.10741,0.15128,0.23897,0.78163,0.00235,-0.59895,0.17408,-0.02714,0.05346,0.03795,
55589547605337,0.10866,0.15619,0.23941,0.77946,0.00756,-0.60042,0.17858,0.04144,0.04522,-0.01254,
55589647692430,0.11271,0.15949,0.23588,0.78767,0.00721,-0.58773,0.18466,0.04807,0.02663,-0.03489,
55589747629565,0.11712,0.15890,0.23356,0.79307,0.00538,-0.57972,0.18692,0.02222,-0.01889,-0.01005,
55589847566671,0.11649,0.15706,0.23119,0.79504,0.00040,-0.57748,0.18557,-0.03566,-0.02984,-0.02244,
55589947503748,0.11576,0.15591,0.22744,0.79712,0.00052,-0.57500,0.18433,0.02658,0.01312,-0.03809,
55590047595279,0.12107,0.15838,0.22353,0.80948,-0.00472,-0.55540,0.19043,0.04612,0.03383,-0.03041,
55590147544250,0.12165,0.15935,0.22173,0.81584,-0.01135,-0.54438,0.19478,-0.02739,-0.01746,0.01225,
55590247493246,0.11925,0.15787,0.22161,0.80655,-0.00639,-0.55905,0.19211,0.00816,-0.02016,-0.01474,
55590347592279,0.12351,0.15627,0.21818,0.81459,-0.01212,-0.54725,0.19189,0.04041,-0.01998,-0.02768,
55590447541250,0.12494,0.15365,0.21732,0.81640,-0.01334,-0.54530,0.18963,0.00122,-0.03019,0.00416,
55590547490246,0.12544,0.15088,0.21759,0.81732,-0.01517,-0.54541,0.18518,0.00590,-0.01869,0.00164,
