5877304533222,-0.03535,0.04495,0.08521,0.69035,0.25090,-0.64896,0.19829,-0.02024,0.11308,0.20635,
5877404482256,-0.04104,0.05400,0.10825,0.67128,0.23085,-0.67636,0.19653,-0.05425,0.13592,0.24168,
5877504581251,-0.05092,0.06176,0.13281,0.64997,0.21585,-0.70155,0.19693,-0.08929,0.10240,0.24702,
5877604530284,-0.06807,0.06163,0.15815,0.62175,0.21438,-0.72937,0.18839,-0.14280,0.04129,0.24378,
5877704479251,-0.08429,0.05854,0.18039,0.60343,0.19154,-0.75458,0.17262,-0.10952,0.01283,0.19122,
5877804578251,-0.09612,0.05552,0.19688,0.59796,0.13693,-0.77559,0.14886,-0.08588,-0.07790,0.13737,
5877904527260,-0.10600,0.04986,0.20776,0.59435,0.07246,-0.79401,0.10510,-0.08779,-0.14036,0.08721,
5878004476284,-0.11816,0.03483,0.21497,0.59827,0.00897,-0.79796,0.07248,-0.13278,-0.22141,0.06476,
5878104425284,-0.13370,0.01017,0.21768,0.60009,-0.04899,-0.79684,0.05047,-0.12772,-0.29139,0.00488,
5878204524256,-0.15018,-0.02346,0.21303,0.61142,-0.09994,-0.78442,0.02930,-0.16796,-0.37419,-0.05634,
5878304473256,-0.17253,-0.06285,0.20423,0.61981,-0.14261,-0.77168,0.00318,-0.23418,-0.40712,-0.08379,
5878404422256,-0.19925,-0.10602,0.19458,0.62508,-0.16696,-0.76237,-0.01398,-0.30127,-0.37880,-0.10066,
5878504521256,-0.23144,-0.14079,0.18307,0.63605,-0.19115,-0.74709,-0.02748,-0.37584,-0.31189,-0.13459,
5878604470256,-0.27134,-0.16967,0.16511,0.65297,-0.20785,-0.72689,-0.04535,-0.43119,-0.24677,-0.20980,
5878704419284,-0.31753,-0.18882,0.14096,0.67385,-0.20751,-0.70605,-0.06601,-0.51958,-0.12201,-0.22666,
5878804368256,-0.36810,-0.19066,0.11504,0.69168,-0.19619,-0.69067,-0.07783,-0.51073,0.05385,-0.25973,
5878904467284,-0.41203,-0.17254,0.08388,0.71649,-0.17872,-0.67020,-0.07439,-0.48391,0.24640,-0.30642,
5879004416256,-0.45103,-0.13711,0.05054,0.73945,-0.14952,-0.65327,-0.06398,-0.46283,0.42200,-0.27736,
5879104365284,-0.47939,-0.08482,0.02271,0.75896,-0.11743,-0.63900,-0.04323,-0.40517,0.55679,-0.20214,
5879204464284,-0.51049,-0.02264,0.00625,0.77748,-0.07444,-0.62435,-0.01291,-0.37306,0.63765,-0.00850,
5879304413256,-0.53162,0.04501,0.00817,0.77478,-0.03024,-0.63126,0.01751,-0.28003,0.67471,0.13041,
5879404362241,-0.54869,0.11054,0.02622,0.76255,0.01512,-0.64483,0.04985,-0.22425,0.65351,0.27813,
5879504311255,-0.56238,0.17098,0.05909,0.73958,0.05606,-0.66570,0.08196,-0.20977,0.57842,0.41983,
5879604410284,-0.57344,0.22285,0.10170,0.70616,0.08465,-0.69405,0.11163,-0.21943,0.46445,0.47280,
5879704359255,-0.58841,0.26637,0.14474,0.67179,0.10166,-0.72247,0.12802,-0.23358,0.31974,0.46067,
5879804308284,-0.60374,0.29742,0.18832,0.63698,0.11922,-0.75217,0.11949,-0.22951,0.24241,0.40305,
5879904407289,-0.62131,0.32204,0.22170,0.60820,0.12994,-0.77624,0.10320,-0.22695,0.19450,0.25980,
5880004356222,-0.63972,0.34164,0.23490,0.60008,0.11942,-0.78524,0.09509,-0.14769,0.15853,-0.02055,
5880104305251,-0.65296,0.35325,0.22001,0.61360,0.11437,-0.77739,0.07798,-0.10817,0.13213,-0.29690,
5880204254227,-0.66301,0.35840,0.18234,0.64621,0.10142,-0.75402,0.05990,-0.09384,0.06314,-0.45727,
5880304353284,-0.67731,0.35477,0.13347,0.68219,0.08897,-0.72489,0.03517,-0.14392,-0.01867,-0.46654,
5880404302255,-0.69583,0.34132,0.09283,0.71684,0.04862,-0.69506,0.02597,-0.17144,-0.16795,-0.33748,
5880504251284,-0.72443,0.30752,0.07072,0.73095,0.01277,-0.68230,0.00369,-0.23517,-0.32507,-0.11805,
5880604350260,-0.75692,0.25901,0.06849,0.72753,-0.02361,-0.68506,-0.02910,-0.25676,-0.42065,0.03582,
5880704299284,-0.78661,0.20091,0.07965,0.71879,-0.04834,-0.69067,-0.06302,-0.26331,-0.47048,0.17754,
5880804248251,-0.82146,0.14796,0.10785,0.69553,-0.08484,-0.70641,-0.10014,-0.31102,-0.43287,0.35325,
5880904197284,-0.85630,0.10226,0.14852,0.66376,-0.11998,-0.72742,-0.12607,-0.30950,-0.37956,0.43028,
5881004296251,-0.89105,0.06539,0.19278,0.62948,-0.13977,-0.75020,-0.14636,-0.31243,-0.29684,0.47403,
5881104245284,-0.92662,0.04172,0.24011,0.59241,-0.15939,-0.77480,-0.15273,-0.32124,-0.15491,0.48797,
5881204194227,-0.95925,0.03401,0.28353,0.56018,-0.16679,-0.79781,-0.14794,-0.29281,-0.02733,0.38903,
5881304293231,-0.98388,0.03845,0.31186,0.54448,-0.15779,-0.81244,-0.13631,-0.23856,0.06364,0.19831,
5881404242984,-1.00100,0.06599,0.32049,0.53718,-0.16554,-0.81664,-0.13091,-0.16277,0.12406,-0.03592,
5881504191227,-1.00749,0.08780,0.30303,0.54931,-0.14519,-0.81428,-0.11888,-0.04802,0.18403,-0.25659,
5881604140284,-1.00738,0.10900,0.26987,0.58330,-0.12231,-0.79708,-0.09729,0.02831,0.22880,-0.39784,
5881704239284,-1.00196,0.13525,0.22050,0.62494,-0.08719,-0.77186,-0.07795,0.04033,0.28820,-0.54292,
5881804188250,-0.99576,0.16649,0.16185,0.67162,-0.05472,-0.73558,-0.06970,0.01661,0.34842,-0.55913,
5881904137284,-0.99277,0.20335,0.11177,0.70743,-0.01736,-0.70465,-0.05213,0.01267,0.42773,-0.37607,
5882004236312,-0.99061,0.24582,0.08608,0.72496,0.02018,-0.68788,-0.02912,0.02994,0.47446,-0.08664,
5882104185284,-0.98790,0.29252,0.08975,0.72425,0.05341,-0.68746,-0.00337,0.03739,0.52645,0.22763,
5882204134250,-0.99321,0.34227,0.11843,0.70720,0.08654,-0.70124,0.02511,-0.10354,0.50458,0.41620,
5882304233255,-1.01499,0.39037,0.15707,0.67640,0.12326,-0.72527,0.03571,-0.27697,0.46374,0.41881,
5882404182284,-1.04916,0.43591,0.19017,0.65111,0.15940,-0.74111,0.03746,-0.36676,0.40782,0.29149,
5882504131250,-1.08885,0.47630,0.20897,0.64015,0.18541,-0.74494,0.02998,-0.38857,0.34282,0.14499,
5882604080288,-1.12277,0.51273,0.21467,0.63570,0.19466,-0.74668,0.02133,-0.30434,0.34586,-0.02245,
5882704179250,-1.14394,0.55178,0.20061,0.65036,0.19072,-0.73520,0.01160,-0.10626,0.39552,-0.21009,
5882804128284,-1.15243,0.58824,0.17249,0.67717,0.17423,-0.71488,0.00523,-0.05034,0.39070,-0.32436,
5882904077250,-1.15837,0.62109,0.13594,0.69441,0.14626,-0.70424,-0.02138,-0.06573,0.33619,-0.40044,
5883004176255,-1.16513,0.65315,0.09448,0.70463,0.09969,-0.69972,-0.06279,-0.05745,0.32147,-0.39455,
5883104130566,-1.17196,0.68352,0.05532,0.71458,0.05413,-0.69087,-0.09561,-0.00171,0.31338,-0.36329,
5883204084996,-1.18123,0.70771,0.02267,0.71938,0.01063,-0.68332,-0.12428,-0.06325,0.25549,-0.31630,
5883304039398,-1.19544,0.72451,-0.00221,0.72677,-0.03324,-0.67003,-0.14751,-0.08595,0.19609,-0.22772,
5883404143766,-1.20994,0.73744,-0.01997,0.73273,-0.07064,-0.65540,-0.16902,-0.13483,0.15890,-0.17900,
5883504098196,-1.22410,0.74983,-0.04068,0.73432,-0.09533,-0.64268,-0.19659,-0.08427,0.14919,-0.25825,
5883604052593,-1.23578,0.76446,-0.06171,0.74392,-0.10767,-0.62498,-0.21069,-0.11272,0.15898,-0.16515,
5883704156965,-1.25064,0.77965,-0.07466,0.74810,-0.12068,-0.61434,-0.21991,-0.17504,0.14127,-0.10085,
5883804111363,-1.27016,0.79649,-0.08351,0.74417,-0.12860,-0.61061,-0.23839,-0.21180,0.15357,-0.08313,
5883904065760,-1.29254,0.81535,-0.09165,0.73992,-0.13457,-0.60491,-0.26172,-0.26746,0.18592,-0.04319,
5884004020157,-1.31961,0.83542,-0.09744,0.72704,-0.14945,-0.60409,-0.29009,-0.28599,0.19764,-0.08473,
5884104119363,-1.34189,0.85790,-0.11137,0.71841,-0.16129,-0.59493,-0.32239,-0.25053,0.18629,-0.11991,
5884204068391,-1.36163,0.87542,-0.12407,0.71482,-0.16811,-0.58434,-0.34543,-0.18633,0.13813,-0.06483,
5884304017391,-1.37438,0.88988,-0.13090,0.70933,-0.18397,-0.57863,-0.35804,-0.12299,0.12162,-0.03663,
5884404116391,-1.38059,0.90513,-0.14015,0.70965,-0.18858,-0.57077,-0.36750,-0.05223,0.14845,-0.08438,
5884504065391,-1.38226,0.91934,-0.14914,0.70947,-0.20132,-0.56150,-0.37528,0.01590,0.13496,-0.06151,
5884604014363,-1.37753,0.92984,-0.15866,0.71071,-0.21253,-0.55531,-0.37597,0.08608,0.08575,-0.08027,
5884703963815,-1.36804,0.93448,-0.16214,0.70938,-0.22057,-0.56023,-0.36643,0.09396,0.05767,0.03386,
5884804062363,-1.36538,0.93876,-0.16390,0.70965,-0.23561,-0.55655,-0.36212,-0.06223,0.02089,-0.03560,
5884904011391,-1.37415,0.94068,-0.16862,0.69085,-0.24312,-0.55635,-0.39254,-0.08521,-0.01424,-0.03448,
5885003960358,-1.37815,0.94043,-0.16895,0.68467,-0.25190,-0.55340,-0.40190,0.01789,0.00153,0.02641,
5885104059363,-1.37393,0.93881,-0.17278,0.68912,-0.25846,-0.54786,-0.39770,0.01690,0.01629,0.01004,
5885204008391,-1.37254,0.94290,-0.17341,0.69327,-0.26467,-0.53944,-0.39792,0.01056,-0.00170,0.01168,
5885303957396,-1.37405,0.94604,-0.17463,0.69243,-0.26849,-0.53366,-0.40456,-0.01056,-0.00374,0.00220,
5885403906358,-1.37482,0.94323,-0.17736,0.68549,-0.27314,-0.53330,-0.41363,-0.00749,0.00092,0.00628,
5885504005391,-1.37701,0.94761,-0.17655,0.68298,-0.27803,-0.52935,-0.41955,0.01468,0.00442,0.01351,
5885603954358,-1.37848,0.95024,-0.17723,0.68514,-0.28263,-0.52245,-0.42160,0.01890,-0.00262,0.00371,
5885703903391,-1.38260,0.95086,-0.17828,0.68422,-0.28479,-0.52110,-0.42332,0.02142,0.00527,0.01170,
5885804002391,-1.38165,0.95068,-0.17868,0.68649,-0.28499,-0.51743,-0.42401,0.02316,-0.00629,0.00473,
5885903951391,-1.38358,0.94893,-0.17974,0.68654,-0.28399,-0.51628,-0.42599,0.01179,-0.00713,0.00522,
5886003900396,-1.38349,0.94834,-0.18061,0.68658,-0.28303,-0.51537,-0.42766,0.02958,-0.00698,0.00421,
5886103849391,-1.38391,0.94794,-0.18197,0.68782,-0.28268,-0.51264,-0.42917,0.01757,-0.01320,0.00043,
5886203948391,-1.38443,0.94727,-0.18253,0.68809,-0.28324,-0.51061,-0.43079,0.03091,-0.01029,0.00475,
5886303897391,-1.38537,0.94554,-0.18576,0.69033,-0.28295,-0.50904,-0.42926,0.02618,-0.00821,0.00804,
5886403846358,-1.38473,0.94256,-0.18620,0.69033,-0.28175,-0.51087,-0.42787,0.02439,-0.01176,0.00753,
5886503945362,-1.38470,0.94235,-0.18669,0.69180,-0.28085,-0.51167,-0.42513,0.02170,-0.00740,0.00789,
5886603894391,-1.38544,0.94278,-0.18677,0.69175,-0.28089,-0.51295,-0.42363,0.01459,-0.00390,0.00725,
5886703843391,-1.38615,0.94112,-0.18744,0.69334,-0.27954,-0.51265,-0.42229,0.00655,-0.01082,0.00246,
5886803792362,-1.38815,0.94054,-0.18854,0.69346,-0.27789,-0.51364,-0.42198,0.00201,-0.00930,0.00154,
5886903891362,-1.38981,0.94049,-0.18941,0.69410,-0.27593,-0.51291,-0.42310,-0.00707,-0.00966,-0.00030,
5887003840391,-1.39169,0.94176,-0.18981,0.69378,-0.27447,-0.51327,-0.42413,-0.00722,-0.00676,-0.00175,
5887103789362,-1.39232,0.94046,-0.19099,0.69463,-0.27261,-0.51185,-0.42565,-0.01041,-0.00834,-0.00153,
5887203888362,-1.39324,0.94000,-0.19172,0.69508,-0.27331,-0.50849,-0.42849,-0.01180,-0.01192,-0.00524,
5887303837396,-1.39434,0.94034,-0.19291,0.69569,-0.27229,-0.50644,-0.43057,-0.00710,-0.01240,-0.00660,
5887403786362,-1.39539,0.94026,-0.19377,0.69526,-0.27117,-0.50592,-0.43258,-0.00969,-0.01262,-0.00218,
5887503735329,-1.39684,0.94014,-0.19426,0.69478,-0.26979,-0.50563,-0.43453,-0.00122,-0.01067,0.00091,
5887603834391,-1.39702,0.93946,-0.19472,0.69561,-0.26846,-0.50632,-0.43322,0.00458,-0.01282,0.00185,
5887703783358,-1.39660,0.93815,-0.19572,0.69598,-0.26613,-0.50657,-0.43379,0.00183,-0.01173,0.00351,
5887803732362,-1.39718,0.93780,-0.19608,0.69671,-0.26448,-0.50621,-0.43404,0.00241,-0.01650,-0.00209,
5887903831357,-1.39760,0.93455,-0.19696,0.69753,-0.26270,-0.50472,-0.43554,0.00694,-0.01670,0.00044,
5888003780396,-1.39563,0.93099,-0.19782,0.69934,-0.26176,-0.50402,-0.43402,0.01379,-0.01778,0.00462,
5888103729357,-1.39171,0.92946,-0.19803,0.70090,-0.26057,-0.50237,-0.43412,0.01502,-0.02250,-0.00068,
5888203678391,-1.39220,0.92534,-0.19894,0.70264,-0.25768,-0.50229,-0.43314,0.01904,-0.02149,0.00607,
5888303777348,-1.39102,0.92488,-0.19956,0.70507,-0.25490,-0.50454,-0.42818,0.01472,-0.01320,0.00755,
5888403726876,-1.38999,0.92502,-0.19938,0.70605,-0.25304,-0.50699,-0.42477,0.00841,-0.00988,0.00207,
5888503675391,-1.38911,0.92130,-0.19929,0.70732,-0.24923,-0.50794,-0.42377,0.00578,-0.01063,0.00523,
5888603774391,-1.38762,0.91877,-0.19917,0.70840,-0.24784,-0.50895,-0.42157,-0.00268,-0.00364,0.00890,
5888703723357,-1.38753,0.91872,-0.20008,0.70816,-0.24776,-0.50902,-0.42192,-0.01464,-0.00472,0.00497,
5888803672334,-1.38846,0.91870,-0.20024,0.70813,-0.24635,-0.50928,-0.42249,-0.01366,-0.00586,0.00036,
5888903621362,-1.38877,0.91867,-0.19871,0.70896,-0.24385,-0.51042,-0.42118,-0.01988,0.00338,0.03838,
5889003720362,-1.38961,0.91819,-0.19617,0.70913,-0.24672,-0.50564,-0.42496,-0.02079,-0.03569,0.04975,
5889103669391,-1.39160,0.91169,-0.18904,0.70320,-0.24374,-0.50910,-0.43235,-0.01200,-0.15036,0.10504,
5889203618362,-1.38852,0.88772,-0.17605,0.69762,-0.24174,-0.51727,-0.43281,-0.00052,-0.34468,0.16902,
5889303717391,-1.38740,0.84513,-0.15708,0.68669,-0.24772,-0.52964,-0.43194,-0.05773,-0.56193,0.21070,
5889403666391,-1.39782,0.78272,-0.13314,0.66335,-0.25394,-0.54890,-0.44068,-0.16872,-0.69607,0.26513,
5889503615391,-1.40921,0.71299,-0.10774,0.64334,-0.25978,-0.56688,-0.44416,-0.20491,-0.74509,0.25172,
5889603564357,-1.42827,0.64277,-0.08223,0.62894,-0.26475,-0.57857,-0.44676,-0.28156,-0.74672,0.23590,
5889703663391,-1.44939,0.57101,-0.05988,0.62176,-0.26821,-0.58592,-0.44517,-0.28791,-0.75113,0.21471,
5889803612391,-1.47410,0.50109,-0.03947,0.61349,-0.27763,-0.59251,-0.44215,-0.30184,-0.67331,0.18697,
5889903561357,-1.50290,0.43863,-0.02233,0.59826,-0.28446,-0.59825,-0.45085,-0.30294,-0.61789,0.15281,
5890003660395,-1.52843,0.37979,-0.01229,0.58533,-0.29046,-0.60264,-0.45810,-0.23194,-0.61123,0.07082,
5890103609362,-1.54810,0.31810,-0.01020,0.58827,-0.30208,-0.59509,-0.45667,-0.18808,-0.61335,-0.00794,
5890203558357,-1.56444,0.25580,-0.01489,0.59655,-0.31755,-0.58041,-0.45432,-0.18210,-0.62024,-0.04887,
5890303507362,-1.58100,0.19002,-0.02281,0.59730,-0.32907,-0.56816,-0.46058,-0.17896,-0.64413,-0.08055,
5890403606333,-1.59812,0.12337,-0.02928,0.59106,-0.33768,-0.55834,-0.47422,-0.16553,-0.64850,-0.03940,
5890503555390,-1.61511,0.05513,-0.02934,0.58339,-0.34746,-0.54735,-0.48921,-0.16837,-0.67503,0.02017,
5890603504357,-1.63178,-0.01347,-0.02309,0.57474,-0.35700,-0.53861,-0.50211,-0.16734,-0.68043,0.07865,
5890703603395,-1.65102,-0.07841,-0.01327,0.56175,-0.37205,-0.53531,-0.50937,-0.22537,-0.59674,0.10279,
5890803552390,-1.67708,-0.13382,-0.00308,0.54231,-0.39192,-0.53173,-0.51919,-0.30639,-0.50912,0.09516,
5890903501390,-1.71131,-0.18240,0.00679,0.52370,-0.40801,-0.52402,-0.53356,-0.38723,-0.45739,0.13965,
5891003450390,-1.75178,-0.22464,0.02605,0.50414,-0.42915,-0.51966,-0.54003,-0.43426,-0.39177,0.25557,
5891103549390,-1.79581,-0.26110,0.05569,-0.49132,0.44413,0.51791,0.54141,-0.46587,-0.29149,0.37428,
5891203498362,-1.84208,-0.28204,0.09788,-0.46917,0.47550,0.52085,0.53150,-0.48587,-0.16450,0.42801,
5891303447390,-1.88903,-0.29380,0.13571,-0.45255,0.48196,0.52514,0.53585,-0.48938,-0.05866,0.33265,
5891403546362,-1.93596,-0.28458,0.16634,-0.43565,0.49116,0.52549,0.54114,-0.48716,0.23734,0.30444,
5891503495357,-1.98303,-0.25253,0.19033,-0.41336,0.51958,0.52616,0.53134,-0.49805,0.36143,0.18445,
5891603444390,-2.03238,-0.21713,0.19983,-0.40165,0.53274,0.52536,0.52807,-0.53076,0.35002,0.04650,
5891703543390,-2.08418,-0.18207,0.19941,-0.40392,0.53959,0.52032,0.52436,-0.53601,0.34783,-0.04742,
5891803492390,-2.13713,-0.14423,0.19084,-0.41695,0.54720,0.50099,0.52510,-0.55698,0.34800,-0.11449,
5891903441390,-2.19337,-0.10762,0.17800,-0.41974,0.55103,0.48446,0.53430,-0.56264,0.33588,-0.12096,
5892003390395,-2.24568,-0.07017,0.16632,-0.41297,0.55356,0.47016,0.54953,-0.52931,0.30014,-0.11308,
5892103489357,-2.29752,-0.03670,0.15407,-0.40776,0.55690,0.44854,0.56781,-0.49136,0.25217,-0.13683,
5892203438390,-2.34662,-0.01243,0.13832,-0.40666,0.55913,0.42550,0.58391,-0.49368,0.11754,-0.19792,
5892303387390,-2.40189,-0.00228,0.11951,-0.40820,0.55575,0.39493,0.60708,-0.53905,0.01599,-0.16763,
5892403486390,-2.45908,-0.00351,0.10457,-0.39364,0.55934,0.37703,0.62453,-0.54368,-0.09715,-0.12295,
5892503435390,-2.51560,-0.01602,0.09284,-0.37632,0.56754,0.36114,0.63707,-0.54775,-0.20327,-0.11241,
5892603384362,-2.56808,-0.03940,0.08682,-0.35736,0.57471,0.35186,0.64668,-0.48155,-0.27612,0.01972,
5892703333395,-2.61340,-0.07340,0.08969,-0.33738,0.58854,0.34657,0.64783,-0.44106,-0.47246,0.02226,
5892803432390,-2.64988,-0.12465,0.09887,-0.33472,0.59260,0.33779,0.65014,-0.33189,-0.58334,0.10051,
5892903381361,-2.67595,-0.18453,0.11329,-0.33444,0.59293,0.33973,0.64897,-0.22119,-0.65453,0.17614,
5893003330390,-2.69237,-0.25157,0.12893,-0.33401,0.59266,0.34928,0.64435,-0.13731,-0.70524,0.15863,
5893103429333,-2.69615,-0.31770,0.14744,-0.32828,0.59372,0.37040,0.63446,0.02880,-0.62188,0.22205,
5893203378390,-2.68415,-0.37669,0.17097,-0.33053,0.59218,0.39771,0.61798,0.21028,-0.57324,0.26245,
5893303327361,-2.65881,-0.43212,0.19485,-0.35097,0.58867,0.41426,0.59890,0.32947,-0.54588,0.19034,
5893403276333,-2.61857,-0.48685,0.21093,-0.36684,0.57375,0.45059,0.57724,0.49319,-0.50699,0.18563,
5893503375361,-2.56482,-0.53950,0.23080,-0.39870,0.55626,0.48541,0.54405,0.55966,-0.50569,0.22589,
5893603324385,-2.50680,-0.58757,0.25446,-0.42987,0.53191,0.52090,0.51083,0.59828,-0.41409,0.26414,
5893703273361,-2.44480,-0.62520,0.27850,-0.45838,0.50120,0.56000,0.47443,0.66978,-0.28948,0.23215,
5893803372361,-2.37453,-0.64581,0.29742,-0.49151,0.46257,0.59972,0.42986,0.73397,-0.13937,0.14839,
5893903321361,-2.30065,-0.64866,0.30486,0.52994,-0.41641,-0.63022,-0.38546,0.72040,0.10916,0.01834,
5894003270390,-2.23386,-0.62595,0.29788,0.55751,-0.37700,-0.65404,-0.34538,0.59530,0.33201,-0.14537,
5894103219390,-2.18072,-0.59050,0.27386,0.58111,-0.32618,-0.66710,-0.33302,0.45138,0.43290,-0.26028,
5894203318390,-2.14034,-0.54061,0.24603,0.59910,-0.28719,-0.67562,-0.31957,0.33848,0.55800,-0.28540,
5894303267328,-2.10953,-0.48092,0.21446,0.62345,-0.26322,-0.67213,-0.30042,0.26248,0.60642,-0.35277,
5894403216361,-2.08681,-0.41890,0.17767,0.65023,-0.23944,-0.65736,-0.29623,0.19946,0.66922,-0.34180,
5894503315366,-2.06907,-0.35138,0.14470,0.66381,-0.22192,-0.65108,-0.29359,0.19467,0.71028,-0.31151,
5894603264390,-2.05045,-0.28865,0.11412,0.67688,-0.21411,-0.63776,-0.29876,0.21384,0.68713,-0.28685,
5894703213337,-2.03169,-0.22443,0.08742,0.68181,-0.21571,-0.62689,-0.30922,0.26791,0.68467,-0.25433,
5894803162361,-2.00853,-0.16012,0.06954,0.68304,-0.21887,-0.62180,-0.31451,0.29190,0.77163,-0.14587,
5894903261390,-1.98026,-0.09578,0.05622,0.68886,-0.23122,-0.61253,-0.31115,0.28613,0.76244,-0.16989,
5895003210361,-1.95591,-0.02266,0.04278,0.70872,-0.21732,-0.60311,-0.29452,0.13345,0.78686,-0.07554,
5895103159918,-1.95320,0.04869,0.03595,0.70659,-0.22339,-0.60662,-0.28781,-0.05416,0.73846,-0.06691,
5895203258352,-1.96632,0.12211,0.03378,0.70750,-0.23246,-0.60211,-0.28789,-0.19793,0.75152,0.01805,
5895303207356,-1.99086,0.19720,0.03349,0.70368,-0.24897,-0.59776,-0.29246,-0.26869,0.73041,-0.05185,
5895403156390,-2.01978,0.27084,0.02967,0.69147,-0.24409,-0.60515,-0.30997,-0.31671,0.80259,-0.03778,
5895503105361,-2.04774,0.34541,0.02628,0.68653,-0.24603,-0.60485,-0.31986,-0.29007,0.76204,-0.07696,
5895603204361,-2.07393,0.41311,0.02313,0.68875,-0.24323,-0.59071,-0.34284,-0.27673,0.68970,0.00813,
5895703153390,-2.08921,0.46588,0.03061,0.69382,-0.25430,-0.57677,-0.34827,-0.21666,0.57936,0.08611,
5895803102390,-2.10464,0.51954,0.03768,0.67349,-0.28739,-0.57647,-0.36263,-0.18278,0.56486,0.03121,
5895903201356,-2.11820,0.57222,0.03421,0.67471,-0.30351,-0.55410,-0.38160,-0.11147,0.51923,-0.03213,
5896003150390,-2.12761,0.63195,0.03204,0.64597,-0.33946,-0.54593,-0.41164,-0.09268,0.61439,-0.00314,
5896103099328,-2.13373,0.69746,0.02955,0.62795,-0.37377,-0.52635,-0.43466,-0.08198,0.67259,-0.03303,
5896203048390,-2.14356,0.76073,0.02369,0.61033,-0.38826,-0.51004,-0.46541,-0.18210,0.66403,-0.03611,
5896303147390,-2.16253,0.82411,0.02559,0.59864,-0.40521,-0.49731,-0.47971,-0.20954,0.60594,0.01500,
5896403096390,-2.19320,0.88573,0.03012,0.59029,-0.41528,-0.47844,-0.50020,-0.33376,0.66246,0.02858,
5896503045390,-2.22844,0.95032,0.03258,0.56717,-0.42711,-0.47735,-0.51772,-0.31305,0.61321,0.00144,
5896603144361,-2.26523,1.01684,0.03739,0.56889,-0.44004,-0.46576,-0.51556,-0.33533,0.69371,0.03335,
5896703093366,-2.29739,1.08826,0.04166,0.57215,-0.45079,-0.46513,-0.50307,-0.28269,0.71105,0.03426,
5896803042328,-2.32799,1.16242,0.04181,0.57006,-0.46296,-0.45966,-0.49941,-0.30523,0.76186,-0.01987,
5896902991361,-2.35840,1.23651,0.03539,0.56763,-0.44975,-0.46488,-0.50932,-0.25717,0.73591,-0.06106,
5897003090389,-2.38333,1.31361,0.03225,0.57712,-0.44435,-0.45386,-0.51333,-0.23639,0.78035,-0.03836,
5897103039389,-2.40699,1.38768,0.02741,0.58222,-0.43155,-0.44483,-0.52622,-0.18400,0.72967,-0.02842,
5897202988356,-2.42371,1.45342,0.02766,0.58455,-0.43618,-0.43109,-0.53123,-0.12925,0.66125,0.02017,
5897303087361,-2.42717,1.51108,0.03107,0.58288,-0.43547,-0.43033,-0.53426,-0.00052,0.61478,0.08721,
5897403036366,-2.42628,1.57620,0.04209,0.58133,-0.44402,-0.42637,-0.53207,0.01165,0.67660,0.10467,
5897502985389,-2.42176,1.64743,0.04593,0.56574,-0.45155,-0.43556,-0.53510,0.09543,0.73973,-0.00798,
5897602934361,-2.40414,1.71977,0.03967,0.56798,-0.45897,-0.44047,-0.52224,0.20435,0.79454,-0.08215,
5897703033361,-2.38699,1.80392,0.03118,0.57762,-0.44644,-0.44546,-0.51828,0.22422,0.83740,-0.03818,
5897802983042,-2.36823,1.88512,0.02693,0.58576,-0.43202,-0.45666,-0.51157,0.26869,0.81298,0.00720,
5897902931380,-2.33907,1.96095,0.03176,0.61983,-0.40878,-0.45682,-0.48992,0.28693,0.73423,0.11467,
5898003030361,-2.32379,2.02655,0.03415,0.63921,-0.40385,-0.47084,-0.45456,0.15907,0.62537,0.05007,
5898102981189,-2.31857,2.08394,0.03311,0.65205,-0.38729,-0.48928,-0.43063,0.01998,0.58970,0.00164,
5898202932093,-2.32389,2.13883,0.02882,0.65611,-0.37536,-0.50772,-0.41333,-0.11842,0.58018,-0.08342,
5898302882987,-2.33703,2.18837,0.00835,0.65241,-0.35290,-0.52444,-0.41806,-0.16950,0.50811,-0.31789,
5898402983884,-2.35157,2.23674,-0.02583,0.67037,-0.32929,-0.50791,-0.42918,-0.19084,0.56013,-0.31833,
5898502934817,-2.36269,2.28831,-0.05586,0.66696,-0.31413,-0.50896,-0.44435,-0.05098,0.51124,-0.24330,
5898602885682,-2.35662,2.33315,-0.07150,0.69185,-0.29491,-0.50125,-0.42793,0.15485,0.44275,-0.04874,
5898702986589,-2.33518,2.37383,-0.07460,0.71553,-0.28238,-0.51087,-0.38380,0.33203,0.37243,-0.03993,
5898802937483,-2.29525,2.40948,-0.07689,0.74552,-0.25462,-0.52331,-0.32483,0.45448,0.38830,-0.01175,
5898902888382,-2.24298,2.44971,-0.08242,0.76554,-0.21613,-0.54747,-0.25986,0.59801,0.40112,-0.07720,
5899002839315,-2.18073,2.49469,-0.08841,0.78791,-0.17075,-0.55969,-0.19180,0.61981,0.44535,-0.01438,
5899102938380,-2.11872,2.53540,-0.08933,0.78965,-0.13339,-0.58086,-0.14578,0.65029,0.41395,-0.01020,
5899202887380,-2.05122,2.57750,-0.08900,0.79233,-0.10621,-0.59135,-0.10606,0.68798,0.37109,0.05749,
5899302836408,-1.98187,2.61652,-0.07972,0.78964,-0.08494,-0.60328,-0.07283,0.65484,0.32521,0.16735,
5899402935413,-1.91382,2.64769,-0.07216,0.77752,-0.06546,-0.62326,-0.05213,0.68882,0.22988,-0.00735,
5899502884370,-1.84508,2.66468,-0.07441,0.79023,-0.04460,-0.61047,-0.02963,0.58556,0.13993,0.03592,
5899602833379,-1.77910,2.66907,-0.07323,0.77848,-0.02302,-0.62698,-0.01850,0.64690,0.04468,-0.01441,
5899702782379,-1.70306,2.66765,-0.07111,0.77610,-0.01040,-0.63052,0.00336,0.70311,0.00684,0.01693,
5899802881346,-1.62707,2.66229,-0.06609,0.77359,0.00317,-0.63294,0.03047,0.70137,-0.08123,0.06090,
5899902830408,-1.55367,2.65146,-0.05891,0.76818,0.02397,-0.63787,0.04935,0.71329,-0.10901,0.07312,
5900002779408,-1.48289,2.63875,-0.04472,0.76869,0.03520,-0.63368,0.07958,0.66573,-0.15449,0.16126,
5900102878384,-1.41718,2.62274,-0.03159,0.75556,0.05303,-0.64624,0.09319,0.63738,-0.12456,0.07570,
5900202827351,-1.35478,2.61001,-0.02484,0.75949,0.06810,-0.63890,0.10167,0.59377,-0.06069,0.07120,
5900302776375,-1.29280,2.60624,-0.01902,0.75511,0.07489,-0.64213,0.10895,0.65126,-0.01291,0.01183,
5900402725408,-1.22143,2.60465,-0.01762,0.74937,0.07978,-0.64727,0.11456,0.74598,0.00245,-0.00984,
5900502824379,-1.14637,2.60222,-0.01477,0.74509,0.07280,-0.65302,0.11450,0.76943,-0.00699,0.03710,
5900602773408,-1.07082,2.60131,-0.00864,0.73963,0.06172,-0.66099,0.11058,0.75649,0.01963,0.06202,
5900702722379,-0.99412,2.60406,0.00436,0.73983,0.05727,-0.66140,0.10916,0.76278,0.04546,0.15895,
5900802821375,-0.91996,2.60480,0.01836,0.73202,0.04680,-0.67301,0.09496,0.72888,0.00437,0.06830,
5900902770375,-0.85150,2.60433,0.02466,0.73860,0.04923,-0.66629,0.08998,0.60786,-0.02334,0.08807,
5901002719379,-0.79493,2.59781,0.03225,0.72941,0.04085,-0.67859,0.07613,0.59556,-0.08523,-0.01547,
5901102668403,-0.73519,2.58942,0.02787,0.73377,0.05043,-0.67419,0.06708,0.59275,-0.07050,-0.02847,
5901202767379,-0.67460,2.57828,0.02857,0.73549,0.04257,-0.67136,0.08070,0.63256,-0.14310,-0.01119,
5901302716379,-0.61017,2.55965,0.02801,0.73636,0.04705,-0.67004,0.08129,0.63122,-0.21078,0.02157,
5901402665413,-0.55135,2.53820,0.03087,0.72974,0.05320,-0.67697,0.07971,0.56083,-0.22134,0.00362,
5901502764374,-0.48972,2.50999,0.02573,0.74482,0.06076,-0.65980,0.07880,0.59222,-0.32457,-0.03917,
5901602713351,-0.43508,2.47643,0.02711,0.73530,0.07035,-0.67075,0.06696,0.54218,-0.33956,-0.01160,
5901702662408,-0.38037,2.43616,0.02495,0.75020,0.05938,-0.65524,0.06586,0.46743,-0.47224,0.01295,
5901802761374,-0.33688,2.38411,0.02796,0.74353,0.04325,-0.66656,0.03148,0.43528,-0.53989,-0.00443,
5901902710384,-0.29016,2.32761,0.02543,0.75206,0.01402,-0.65894,0.00248,0.44237,-0.61240,-0.06882,
5902002659408,-0.24931,2.26331,0.01873,0.75109,-0.01558,-0.65829,-0.04773,0.39664,-0.66329,-0.09705,
5902102608427,-0.21225,2.19758,0.01064,0.75175,-0.05350,-0.65013,-0.09663,0.34291,-0.64943,-0.06843,
5902202707379,-0.17888,2.13273,0.00572,0.75098,-0.08934,-0.63908,-0.14012,0.34225,-0.64642,-0.03783,
5902302656779,-0.14970,2.06481,0.00482,0.75066,-0.12929,-0.61996,-0.18823,0.25612,-0.69683,-0.01899,
5902402605408,-0.13079,1.99587,0.00858,0.73402,-0.17192,-0.61048,-0.24286,0.15166,-0.69201,0.03569,
5902502704412,-0.11555,1.92453,0.00956,0.72179,-0.20344,-0.59906,-0.28064,0.12003,-0.73458,0.00315,
5902602653370,-0.11293,1.85205,0.01677,0.70751,-0.24576,-0.58716,-0.30705,-0.04305,-0.75228,0.03562,
5902702602350,-0.11897,1.77194,0.01371,0.68767,-0.26888,-0.57584,-0.35103,-0.05019,-0.84591,-0.05979,
5902802551412,-0.12947,1.68854,0.01410,0.66770,-0.29369,-0.56579,-0.38446,-0.13937,-0.85863,0.02105,
5902902650408,-0.14351,1.60342,0.02026,0.64557,-0.31161,-0.56391,-0.41007,-0.12964,-0.84839,0.08057,
5903002599346,-0.15169,1.51915,0.02945,0.64889,-0.31956,-0.54641,-0.42220,-0.04836,-0.84351,0.12856,
5903102552089,-0.15625,1.44242,0.04525,0.64372,-0.33168,-0.54448,-0.42327,-0.03762,-0.74459,0.17481,
5903202647379,-0.15996,1.37271,0.05420,0.64088,-0.33429,-0.54227,-0.42833,-0.03614,-0.67398,0.09769,
5903302596408,-0.16481,1.31208,0.06403,0.62788,-0.34947,-0.54479,-0.43226,-0.02174,-0.61141,0.08282,
5903402545374,-0.16396,1.24485,0.06376,0.62143,-0.36039,-0.54072,-0.43767,0.04768,-0.70497,-0.06893,
5903502494407,-0.15911,1.17464,0.05566,0.61336,-0.36911,-0.53644,-0.44698,0.08403,-0.72912,-0.04458,
5903602593374,-0.14896,1.10168,0.05191,0.60466,-0.38429,-0.53279,-0.45037,0.09387,-0.73211,0.00944,
5903702542379,-0.14138,1.02409,0.04933,0.59696,-0.39918,-0.51955,-0.46299,0.04256,-0.77716,-0.00776,
5903802491407,-0.13911,0.94564,0.04868,0.57845,-0.40001,-0.51696,-0.48800,-0.01749,-0.72246,0.04476,
5903902590407,-0.14411,0.87223,0.04835,0.55830,-0.41898,-0.50351,-0.50915,-0.08231,-0.70798,-0.05038,
5904002539379,-0.15292,0.80370,0.04269,0.55140,-0.41944,-0.49187,-0.52734,-0.10940,-0.63848,-0.01847,
5904102488412,-0.16888,0.74359,0.03718,0.54509,-0.43052,-0.47495,-0.54032,-0.20014,-0.61369,-0.09793,
5904202437379,-0.19344,0.68855,0.02815,0.53312,-0.43173,-0.46694,-0.55800,-0.25070,-0.55423,-0.06960,
5904302536374,-0.22326,0.63725,0.02645,0.53313,-0.44244,-0.44933,-0.56402,-0.30983,-0.53670,-0.01095,
5904402485407,-0.25848,0.58522,0.02548,0.52300,-0.44705,-0.44394,-0.57405,-0.36708,-0.54456,0.00855,
5904502434374,-0.29653,0.53380,0.03063,0.51181,-0.44961,-0.44347,-0.58244,-0.37585,-0.52494,0.08536,
5904602533407,-0.33777,0.48252,0.03882,0.50240,-0.45080,-0.44226,-0.59058,-0.41378,-0.53439,0.10887,
5904702482345,-0.37931,0.43214,0.04776,-0.49097,0.46341,0.44430,0.58890,-0.41457,-0.49605,0.03634,
5904802431350,-0.42057,0.38934,0.04838,-0.49175,0.46169,0.43534,0.59624,-0.38027,-0.40554,0.03935,
5904902380407,-0.45864,0.35303,0.04907,-0.48021,0.47415,0.43089,0.59909,-0.36196,-0.41520,-0.04082,
5905002479379,-0.49598,0.30690,0.03898,-0.48168,0.46919,0.42056,0.60907,-0.37292,-0.46039,-0.11718,
5905102428374,-0.53941,0.26487,0.02721,-0.46694,0.47612,0.40850,0.62322,-0.44869,-0.43097,-0.07011,
5905202377407,-0.58746,0.21578,0.02101,-0.44317,0.48834,0.39520,0.63948,-0.48197,-0.52297,-0.03635,
5905302476407,-0.63692,0.16245,0.01951,-0.43098,0.50212,0.37703,0.64806,-0.51277,-0.54126,0.02823,
5905402425407,-0.68918,0.11185,0.02417,-0.42191,0.51244,0.35533,0.65813,-0.52604,-0.50193,0.08082,
5905502374374,-0.74259,0.06501,0.03065,-0.40372,0.52746,0.33369,0.66891,-0.55037,-0.47029,0.03553,
5905602323407,-0.79906,0.02611,0.03212,-0.36740,0.53877,0.31767,0.68836,-0.55335,-0.36367,-0.00095,
5905702422379,-0.85636,-0.00720,0.02999,-0.34994,0.53809,0.29920,0.70603,-0.58136,-0.29675,0.01670,
5905802371407,-0.91842,-0.02891,0.02955,-0.32266,0.55116,0.27816,0.71745,-0.66756,-0.21851,-0.05203,
5905902320407,-0.98722,-0.04713,0.02295,-0.29828,0.55201,0.26560,0.73196,-0.71352,-0.16622,-0.01748,
5906002419374,-1.06169,-0.05973,0.02465,-0.28099,0.56112,0.24645,0.73854,-0.78471,-0.10530,0.02672,
5906102368407,-1.14077,-0.06595,0.03391,-0.25775,0.57161,0.23463,0.74282,-0.78349,-0.04184,0.13222,
5906202317350,-1.21744,-0.07000,0.04839,-0.24787,0.57783,0.22343,0.74482,-0.79451,-0.07115,0.12082,
5906302266407,-1.29542,-0.07427,0.06456,-0.22853,0.59050,0.21384,0.74388,-0.76660,-0.05273,0.14789,
5906402365407,-1.37047,-0.07961,0.07249,-0.21372,0.59846,0.20277,0.74502,-0.75022,-0.04014,-0.00656,
5906502314374,-1.44153,-0.07885,0.07534,-0.18907,0.60027,0.19201,0.75303,-0.67789,0.02364,0.03214,
5906602263374,-1.51631,-0.08047,0.07309,-0.16894,0.60721,0.17327,0.75679,-0.78982,-0.04512,-0.09434,
5906702362378,-1.59857,-0.08167,0.06204,-0.15122,0.60531,0.15052,0.76686,-0.83377,0.03898,-0.10199,
5906802311383,-1.68308,-0.07693,0.05495,-0.12100,0.61320,0.12399,0.77069,-0.83707,0.05783,-0.00099,
5906902260378,-1.76818,-0.07099,0.05828,-0.09594,0.61790,0.09136,0.77501,-0.84677,0.06138,0.04868,
5907002209378,-1.85001,-0.05919,0.06728,-0.07008,0.61266,0.05700,0.78516,-0.77562,0.17129,0.11714,
5907102308436,-1.92466,-0.03521,0.07577,-0.01403,0.62094,0.02934,0.78318,-0.72107,0.24205,0.04364,
5907202257378,-1.98769,-0.00636,0.08405,0.02129,0.62001,0.00428,0.78429,-0.58818,0.30792,0.12086,
5907302206378,-2.03980,0.03279,0.08774,0.05231,0.62534,-0.03073,0.77799,-0.55944,0.44039,-0.04493,
5907402305407,-2.08826,0.08501,0.07782,0.08726,0.61584,-0.05078,0.78137,-0.47992,0.57137,-0.11882,
5907502254412,-2.12795,0.15018,0.06700,0.11537,0.60112,-0.08917,0.78575,-0.38695,0.70896,-0.12593,
5907602203407,-2.16069,0.22502,0.05685,0.15569,0.59033,-0.10954,0.78439,-0.28922,0.74798,-0.04890,
5907702152407,-2.18777,0.29904,0.05385,0.18539,0.58394,-0.12788,0.77993,-0.28017,0.68712,-0.01863,
5907802251374,-2.21661,0.36741,0.05610,0.20621,0.57129,-0.14044,0.78191,-0.27096,0.65939,0.08379,
5907902200407,-2.24153,0.43485,0.06182,0.22688,0.57361,-0.15947,0.77076,-0.24275,0.65245,0.01819,
5908002149373,-2.26123,0.50019,0.06488,0.24921,0.56123,-0.17075,0.77056,-0.14503,0.62196,0.11042,
5908102248373,-2.27778,0.56640,0.07050,0.27096,0.56570,-0.19738,0.75340,-0.21216,0.66434,-0.00670,
5908202197407,-2.29840,0.63778,0.06195,0.29121,0.54767,-0.21625,0.75398,-0.19815,0.73380,-0.11237,
5908302146378,-2.31765,0.71223,0.05657,0.32163,0.53740,-0.24042,0.74159,-0.20404,0.73784,-0.00499,
5908402095373,-2.34261,0.78703,0.05786,0.34583,0.53042,-0.26742,0.72632,-0.25845,0.73681,0.05006,
5908502194378,-2.36545,0.85638,0.06303,0.36135,0.51716,-0.29342,0.71824,-0.24312,0.71630,0.04785,
5908602143407,-2.38603,0.92502,0.07258,0.37803,0.49122,-0.32097,0.71609,-0.18850,0.69286,0.14457,
5908702092407,-2.39971,0.99317,0.08527,0.40537,0.48562,-0.34873,0.69154,-0.11940,0.66240,0.09582,
5908802191411,-2.41144,1.05566,0.09551,0.43228,0.48369,-0.35908,0.67100,-0.12006,0.61099,0.14551,
5908902140378,-2.41884,1.11475,0.10997,0.44800,0.48001,-0.38127,0.65078,-0.04512,0.63734,0.12621,
5909002089373,-2.42229,1.17712,0.12274,0.46968,0.48632,-0.39018,0.62503,-0.02443,0.64139,0.14872,
5909102038378,-2.42479,1.23996,0.13791,0.47767,0.49292,-0.40523,0.60386,0.00641,0.67110,0.14687,
5909202137373,-2.42362,1.30771,0.15390,0.48512,0.49622,-0.41988,0.58492,0.03477,0.68670,0.17299,
5909302086721,-2.41995,1.37564,0.17390,0.49027,0.49651,-0.43390,0.56995,0.02117,0.67940,0.24478,
5909402035407,-2.41861,1.44889,0.19607,0.48898,0.50184,-0.43976,0.56183,0.02151,0.75389,0.21154,
5909502134369,-2.41761,1.52161,0.21771,0.48617,0.51789,-0.44843,0.54253,-0.02065,0.67264,0.18196,
5909602083345,-2.42076,1.58814,0.22419,0.47888,0.51255,-0.44918,0.55336,-0.03084,0.63551,-0.05074,
5909702032373,-2.41915,1.64641,0.20989,0.48808,0.50283,-0.44086,0.56087,0.02268,0.58415,-0.21085,
5909801981407,-2.41162,1.70119,0.18329,0.50801,0.49054,-0.43495,0.55868,0.06853,0.59734,-0.29648,
5909902080378,-2.39468,1.76000,0.14816,0.53059,0.46490,-0.43249,0.56150,0.12260,0.63519,-0.32537,
5910002029407,-2.37874,1.82118,0.12042,0.55087,0.43915,-0.43702,0.55920,0.13576,0.63916,-0.15922,
5910101978407,-2.36243,1.88505,0.10887,0.56394,0.41861,-0.45237,0.54964,0.11083,0.72269,-0.05868,
5910202077349,-2.34732,1.95429,0.11083,0.58452,0.39629,-0.45875,0.53929,0.11122,0.70056,0.12493,
5910302026378,-2.33233,2.02071,0.12878,0.59386,0.37929,-0.48331,0.51950,0.14953,0.63668,0.20786,
5910401975373,-2.31636,2.07962,0.14562,0.60444,0.38652,-0.49906,0.48599,0.14246,0.56275,0.16014,
5910501924373,-2.30073,2.12871,0.16536,0.60765,0.37215,-0.51751,0.47377,0.17362,0.43205,0.24110,
5910602023406,-2.28089,2.16854,0.18432,0.60908,0.36982,-0.54170,0.44588,0.19827,0.41665,0.15120,
5910701972378,-2.26272,2.20953,0.19831,0.60836,0.36260,-0.55583,0.43528,0.17478,0.37581,0.13535,
5910801921378,-2.24259,2.24898,0.20635,0.60644,0.35414,-0.56790,0.42931,0.24046,0.39611,0.01733,
5910902020378,-2.21758,2.28924,0.20961,0.61515,0.35566,-0.56785,0.41551,0.23922,0.35459,0.09111,
5911001969378,-2.19403,2.33065,0.22088,0.61758,0.36095,-0.58068,0.38874,0.22910,0.49583,0.11960,
5911101918406,-2.16951,2.38961,0.23255,0.61773,0.36650,-0.57507,0.39165,0.25445,0.62452,0.15069,
5911202017378,-2.13884,2.44862,0.25192,0.61935,0.37303,-0.57367,0.38492,0.30125,0.51684,0.26973,
5911301966411,-2.10513,2.49522,0.27703,0.60340,0.38139,-0.59131,0.37525,0.38188,0.41440,0.21600,
5911401915406,-2.06109,2.52685,0.29240,0.60492,0.36553,-0.60416,0.36803,0.50801,0.26888,0.10511,
5911501864382,-2.00318,2.55096,0.29757,0.61149,0.34859,-0.62602,0.33564,0.65404,0.27726,0.00078,
5911601963373,-1.92986,2.57659,0.29388,0.63073,0.31241,-0.63689,0.31456,0.76798,0.24694,-0.04716,
5911701912378,-1.85223,2.59291,0.29043,0.64458,0.27398,-0.65477,0.28412,0.75317,0.12826,-0.01585,
5911801861378,-1.77794,2.60148,0.28869,0.65712,0.22808,-0.67347,0.25022,0.71194,0.09032,-0.02954,
5911901960411,-1.71184,2.60719,0.29135,0.67699,0.18670,-0.67942,0.21264,0.56988,0.06893,0.10403,
5912001909406,-1.65452,2.61427,0.30811,0.68598,0.15275,-0.69003,0.17308,0.55356,0.09739,0.20655,
5912101858373,-1.60174,2.62123,0.32933,0.67967,0.12620,-0.71077,0.13009,0.50327,0.05071,0.14575,
5912201807349,-1.55034,2.62357,0.33905,0.68205,0.10149,-0.71666,0.10446,0.49938,-0.01766,0.06420,
5912301906378,-1.50191,2.61481,0.34499,0.67593,0.06851,-0.72855,0.08740,0.50303,-0.13395,-0.02460,
5912401855378,-1.44763,2.59290,0.33025,0.68706,0.04731,-0.72153,0.07143,0.57888,-0.25569,-0.25434,
5912501804406,-1.39509,2.55676,0.30058,0.71178,0.02269,-0.69958,0.05869,0.50311,-0.42012,-0.33547,
5912601903349,-1.34880,2.50816,0.26768,0.72961,0.00936,-0.68294,0.03421,0.47222,-0.48036,-0.30822,
5912701852378,-1.30523,2.44947,0.23993,0.74665,-0.00860,-0.66507,0.01067,0.46795,-0.51659,-0.20716,
5912801801373,-1.26096,2.39243,0.22653,0.75844,-0.02467,-0.65128,0.00074,0.53149,-0.52035,-0.06121,
5912901750344,-1.21396,2.33589,0.22953,0.76006,-0.02895,-0.64897,-0.01735,0.53996,-0.47851,0.14976,
5913001849406,-1.16742,2.29089,0.25021,0.75162,-0.03109,-0.65842,-0.02399,0.49263,-0.33077,0.28565,
5913101807687,-1.12378,2.26429,0.28057,0.73895,-0.03628,-0.67224,-0.02682,0.43412,-0.21732,0.33182,
5913201766582,-1.07707,2.24839,0.31127,0.71583,-0.03245,-0.69646,-0.03834,0.51008,-0.09672,0.29184,
5913301875459,-1.01946,2.24211,0.33810,0.70384,-0.03456,-0.70890,-0.02966,0.57289,-0.06254,0.27096,
5913401834382,-0.95905,2.23964,0.36504,0.68802,-0.03498,-0.72428,-0.02867,0.59163,-0.05703,0.27597,
5913501793287,-0.89480,2.23723,0.39215,0.68207,-0.04179,-0.72938,-0.03202,0.61027,-0.04743,0.29188,
5913601752172,-0.83266,2.23355,0.42301,0.67750,-0.05673,-0.73257,-0.03322,0.57462,-0.05967,0.34244,
5913701861082,-0.77739,2.22560,0.45578,0.65651,-0.07181,-0.74963,-0.04351,0.54042,-0.12019,0.27482,
5913801820010,-0.72265,2.21178,0.47236,0.63889,-0.08760,-0.76215,-0.05720,0.49391,-0.22344,0.05395,
5913901778872,-0.67236,2.18470,0.46449,0.64011,-0.10381,-0.75784,-0.07185,0.47613,-0.34790,-0.19060,
5914001887820,-0.62969,2.14616,0.43559,0.64728,-0.10942,-0.74829,-0.09552,0.40977,-0.42698,-0.39242,
5914101837476,-0.58791,2.10299,0.38894,0.66715,-0.10172,-0.72855,-0.11739,0.44401,-0.44193,-0.51916,
5914201786481,-0.54801,2.05664,0.33686,0.70758,-0.10673,-0.68709,-0.12588,0.40781,-0.48883,-0.52048,
5914301735505,-0.51353,2.00827,0.29104,0.73664,-0.10825,-0.65434,-0.13221,0.30615,-0.56091,-0.40444,
5914401834476,-0.48729,1.94554,0.25656,0.75103,-0.10579,-0.63407,-0.15071,0.29991,-0.62168,-0.27476,
5914501783505,-0.46375,1.87162,0.23999,0.76388,-0.10933,-0.61653,-0.15627,0.30808,-0.70435,-0.05606,
5914601732476,-0.44255,1.79754,0.24776,0.75872,-0.11378,-0.61924,-0.16716,0.25137,-0.69476,0.20961,
5914701831476,-0.42225,1.72953,0.27451,0.74880,-0.12762,-0.62829,-0.16810,0.20412,-0.63009,0.33989,
5914801780452,-0.40884,1.66949,0.31480,0.72828,-0.15108,-0.64559,-0.17320,0.12519,-0.58258,0.43690,
5914901729505,-0.39518,1.61373,0.35608,0.70219,-0.16974,-0.66714,-0.18176,0.15869,-0.53275,0.40694,
5915001678505,-0.37936,1.56388,0.39392,0.68296,-0.19062,-0.68135,-0.18164,0.15023,-0.47464,0.35478,
5915101777505,-0.36277,1.51767,0.42520,0.65837,-0.21313,-0.69719,-0.18725,0.14271,-0.47099,0.26435,
5915201726476,-0.34662,1.46925,0.44529,0.63796,-0.23657,-0.70582,-0.19715,0.19990,-0.49459,0.13348,
5915301675509,-0.32011,1.41765,0.45070,0.63408,-0.25358,-0.70318,-0.19794,0.29043,-0.58634,-0.01164,
5915401774509,-0.28752,1.35840,0.44320,0.63365,-0.25884,-0.69922,-0.20636,0.31706,-0.63994,-0.13562,
5915501723509,-0.26234,1.29514,0.42425,0.63951,-0.26220,-0.68702,-0.22423,0.20377,-0.64789,-0.22926,
5915601672476,-0.24732,1.23698,0.39640,0.64070,-0.27420,-0.67203,-0.25039,0.11875,-0.64578,-0.32848,
5915701621471,-0.23833,1.17640,0.36342,0.66621,-0.28592,-0.63676,-0.26259,0.05239,-0.62925,-0.32103,
5915801720471,-0.23998,1.11447,0.33132,0.68405,-0.30185,-0.60280,-0.27855,-0.06582,-0.63333,-0.33692,
5915901669481,-0.25248,1.05076,0.29846,0.69044,-0.29665,-0.58322,-0.30845,-0.15059,-0.61728,-0.29874,
5916001618476,-0.27161,0.98850,0.27747,0.69482,-0.30487,-0.56177,-0.32969,-0.21248,-0.64239,-0.13894,
5916101717595,-0.29908,0.91879,0.27027,0.68127,-0.32276,-0.55340,-0.35418,-0.24882,-0.72047,-0.01814,
5916201666524,-0.33050,0.84215,0.27557,0.67002,-0.33581,-0.54445,-0.37666,-0.26018,-0.75210,0.15698,
5916301615443,-0.35769,0.76607,0.29907,0.65352,-0.35431,-0.54482,-0.38800,-0.29984,-0.76293,0.28512,
5916401564443,-0.39038,0.68839,0.33042,0.62722,-0.37023,-0.55651,-0.39978,-0.37642,-0.69714,0.33999,
5916501663471,-0.43077,0.62500,0.36185,0.59667,-0.40274,-0.56096,-0.40879,-0.38801,-0.50486,0.28259,
5916601612505,-0.46615,0.57613,0.38583,0.57692,-0.43563,-0.55044,-0.41762,-0.35694,-0.43624,0.21144,
5916701561476,-0.49745,0.52762,0.40172,0.55256,-0.46210,-0.54998,-0.42268,-0.39128,-0.45555,0.09185,
5916801660505,-0.53549,0.47764,0.39860,0.52987,-0.48324,-0.54117,-0.43915,-0.44191,-0.49722,-0.16543,
5916901609509,-0.57603,0.42499,0.36973,0.52116,-0.49166,-0.50868,-0.47740,-0.48471,-0.54143,-0.39130,
5917001558604,-0.62017,0.36572,0.32571,0.50375,-0.48697,-0.49017,-0.51850,-0.47338,-0.58066,-0.46365,
5917101507447,-0.66437,0.30766,0.28096,-0.49831,0.48293,0.45790,0.55569,-0.43725,-0.60221,-0.42643,
5917201606476,-0.70970,0.25359,0.24509,0.50715,-0.48130,-0.40975,-0.58588,-0.45229,-0.55532,-0.27590,
5917301555476,-0.75410,0.20435,0.22397,0.50193,-0.48105,-0.37603,-0.61258,-0.39112,-0.55592,-0.10718,
5917401504476,-0.78980,0.15761,0.22692,-0.49263,0.49153,0.34855,0.62787,-0.25494,-0.57174,0.20328,
5917501603504,-0.80952,0.10495,0.25797,-0.46588,0.52365,0.35263,0.61999,-0.07950,-0.63596,0.36490,
5917601552471,-0.80894,0.04599,0.29640,-0.46406,0.54219,0.36553,0.59755,0.09272,-0.57927,0.41641,
5917701501471,-0.79391,-0.00552,0.33181,-0.45456,0.56114,0.40048,0.56401,0.22018,-0.51059,0.28069,
5917801450476,-0.76616,-0.05314,0.34952,-0.46020,0.55868,0.43809,0.53307,0.37909,-0.43279,0.10323,
5917901549447,-0.72472,-0.09215,0.35010,-0.48715,0.53852,0.47031,0.50148,0.47044,-0.35495,-0.05449,
5918001498504,-0.67903,-0.12560,0.33454,0.52237,-0.49564,-0.51356,-0.46661,0.43595,-0.29154,-0.20063,
5918101447809,-0.63173,-0.14797,0.31102,0.57124,-0.42790,-0.55039,-0.43320,0.49410,-0.11781,-0.20581,
5918201546509,-0.58001,-0.14923,0.28999,0.61789,-0.36811,-0.58005,-0.38243,0.50466,0.09201,-0.19390,
5918301495471,-0.52745,-0.13246,0.26562,0.66597,-0.30183,-0.60178,-0.32132,0.47883,0.25791,-0.22307,
5918401444471,-0.48189,-0.10083,0.24208,0.70723,-0.23572,-0.61450,-0.25817,0.40033,0.36728,-0.20086,
5918501393447,-0.44740,-0.06196,0.21711,0.73082,-0.17241,-0.62608,-0.21023,0.36962,0.35702,-0.23781,
5918601492476,-0.41673,-0.02882,0.19459,0.75593,-0.11700,-0.62305,-0.16336,0.30786,0.32841,-0.18417,
5918701441447,-0.38723,-0.00082,0.17457,0.76781,-0.06892,-0.62419,-0.12692,0.29966,0.26969,-0.19774,
5918801390442,-0.36063,0.02400,0.15774,0.77629,-0.04400,-0.62172,-0.09431,0.30352,0.24710,-0.15069,
5918901489452,-0.32513,0.04374,0.14786,0.79186,-0.02464,-0.60846,-0.04608,0.24163,0.17723,0.00981,
5919001438471,-0.30246,0.05982,0.14279,0.78131,0.00187,-0.62385,-0.01895,0.14942,0.18262,-0.08035,
5919101388037,-0.28469,0.07218,0.14051,0.78377,0.02884,-0.62027,0.01194,0.00995,0.19560,0.07686,
5919201336504,-0.27781,0.08148,0.14627,0.76996,0.04214,-0.63454,0.05241,0.00468,0.05177,0.04963,
5919301435447,-0.27353,0.07467,0.14896,0.76402,0.06235,-0.63778,0.07505,-0.02534,-0.12049,0.03400,
5919401384504,-0.27482,0.05739,0.15345,0.75812,0.08363,-0.64041,0.09021,-0.04870,-0.18292,0.02383,
5919501334128,-0.27092,0.03596,0.15172,0.76255,0.10841,-0.62884,0.10643,0.07685,-0.22178,-0.03912,
5919601432480,-0.26149,0.00930,0.15524,0.76668,0.12899,-0.61623,0.12581,0.09180,-0.28875,0.08137,
5919701381476,-0.25375,-0.02390,0.16438,0.76788,0.14468,-0.61172,0.12335,0.04993,-0.31517,0.07287,
5919801330471,-0.25199,-0.05249,0.17001,0.76954,0.15704,-0.60804,0.11590,0.01793,-0.20826,0.00202,
5919901279447,-0.24648,-0.06853,0.16606,0.77820,0.16775,-0.59302,0.12079,0.09515,-0.09205,-0.08163,
5920001378504,-0.23702,-0.07656,0.16403,0.78197,0.18084,-0.58320,0.12529,0.08402,-0.04687,0.04487,
5920101327447,-0.22684,-0.08112,0.17050,0.77842,0.17251,-0.58955,0.12940,0.11623,-0.03761,0.04650,
5920201276504,-0.21643,-0.08650,0.18037,0.77510,0.16852,-0.59772,0.11641,0.09240,-0.01743,0.12642,
5920301375475,-0.20843,-0.08283,0.19782,0.76015,0.16000,-0.61943,0.11352,0.05433,0.09662,0.16731,
5920401324504,-0.20430,-0.07209,0.21028,0.74724,0.15636,-0.63534,0.11632,0.01349,0.13908,0.07806,
5920501273447,-0.20326,-0.05672,0.21135,0.73683,0.15774,-0.64571,0.12351,0.01662,0.18300,-0.07524,
5920601372475,-0.20148,-0.04290,0.19705,0.74319,0.15311,-0.63758,0.13312,0.00884,0.10472,-0.17779,
5920701321447,-0.19973,-0.03610,0.18135,0.74536,0.14321,-0.63696,0.13493,0.00934,0.03701,-0.13564,
5920801270471,-0.19862,-0.03942,0.16851,0.75204,0.11898,-0.63498,0.13066,0.00300,-0.06579,-0.13289,
5920901219452,-0.19864,-0.04956,0.15337,0.76450,0.10072,-0.62731,0.10901,0.00400,-0.09208,-0.18263,
5921001318475,-0.20166,-0.06034,0.13556,0.77657,0.09164,-0.61782,0.08273,-0.03300,-0.10492,-0.17647,
5921101267475,-0.20672,-0.07304,0.11928,0.78633,0.07687,-0.61032,0.05729,-0.04368,-0.12039,-0.15791,
5921201216504,-0.21020,-0.08181,0.10685,0.79306,0.06764,-0.60388,0.04247,-0.01182,-0.02633,-0.10507,
5921301315942,-0.21242,-0.08102,0.10292,0.79050,0.07684,-0.60568,0.04841,-0.03241,0.05303,0.01780,
5921401264451,-0.21632,-0.07672,0.10605,0.77916,0.09976,-0.61641,0.05475,-0.08453,0.04767,0.06490,
5921501213504,-0.22461,-0.06790,0.10997,0.76886,0.12708,-0.62391,0.05872,-0.11067,0.13895,0.02514,
5921601162480,-0.23547,-0.04938,0.10846,0.75874,0.17245,-0.62109,0.09392,-0.14752,0.24353,-0.02962,
5921701261470,-0.25028,-0.02154,0.10334,0.74617,0.22560,-0.60642,0.15679,-0.17391,0.31660,-0.06480,
5921801210470,-0.26839,0.00312,0.09428,0.73257,0.26684,-0.58583,0.22121,-0.17878,0.19923,-0.10621,
5921901159504,-0.28282,0.01495,0.08051,0.72506,0.30295,-0.56375,0.25436,-0.13109,0.06165,-0.12163,
5922001258480,-0.29205,0.01832,0.06768,0.72292,0.32708,-0.54670,0.26744,-0.08202,0.02971,-0.08019,
5922101207504,-0.29855,0.02215,0.06011,0.71893,0.33839,-0.53866,0.28014,-0.04493,0.05377,-0.06108,
5922201156442,-0.30184,0.03010,0.05193,0.71523,0.35120,-0.52524,0.29870,-0.02214,0.07065,-0.05937,
5922301105475,-0.30234,0.03500,0.04539,0.71225,0.35495,-0.51537,0.31797,0.01426,0.01388,-0.04589,
5922401204475,-0.29939,0.03214,0.04314,0.71330,0.35532,-0.51428,0.31696,0.04805,-0.05462,0.00167,
5922501153475,-0.29531,0.02640,0.04490,0.71497,0.35417,-0.51851,0.30748,0.05101,-0.03221,0.01195,
5922601102470,-0.29180,0.02404,0.04903,0.71467,0.35071,-0.51940,0.31061,0.03512,-0.02507,0.05162,
5922701201504,-0.28872,0.01938,0.05366,0.71107,0.35158,-0.52669,0.30556,0.02074,-0.04572,0.00195,
5922801150475,-0.28832,0.01646,0.05314,0.71504,0.35111,-0.52669,0.29670,-0.01691,-0.01917,-0.01611,
5922901099566,-0.29209,0.01533,0.05333,0.71504,0.35205,-0.52760,0.29398,-0.04522,0.02645,-0.00111,
5923001048504,-0.29659,0.01818,0.05479,0.71388,0.35129,-0.52689,0.29894,-0.04684,0.05979,0.01720,
5923101147475,-0.30057,0.02329,0.05545,0.71107,0.34951,-0.52470,0.31130,-0.03188,0.05154,-0.00682,
5923201096775,-0.30316,0.02426,0.05483,0.71130,0.34875,-0.52398,0.31284,-0.01016,-0.00191,0.00064,
